split,model_name,threshold,accuracy,balanced_accuracy,precision,recall,f1,false_positive_rate,false_negative_rate,specificity,number_of_samples,number_of_truth,number_of_lie
realtime_simulation,random_forest,0.05,0.5119617224880383,0.5,0.5119617224880383,1.0,0.6772151898734177,1.0,0.0,0.0,209,102,107
realtime_simulation,random_forest,0.06,0.5119617224880383,0.5,0.5119617224880383,1.0,0.6772151898734177,1.0,0.0,0.0,209,102,107
realtime_simulation,random_forest,0.07,0.5119617224880383,0.5,0.5119617224880383,1.0,0.6772151898734177,1.0,0.0,0.0,209,102,107
realtime_simulation,random_forest,0.08,0.5119617224880383,0.5,0.5119617224880383,1.0,0.6772151898734177,1.0,0.0,0.0,209,102,107
realtime_simulation,random_forest,0.09,0.5119617224880383,0.5,0.5119617224880383,1.0,0.6772151898734177,1.0,0.0,0.0,209,102,107
realtime_simulation,random_forest,0.1,0.5119617224880383,0.5,0.5119617224880383,1.0,0.6772151898734177,1.0,0.0,0.0,209,102,107
realtime_simulation,random_forest,0.11,0.5119617224880383,0.5,0.5119617224880383,1.0,0.6772151898734177,1.0,0.0,0.0,209,102,107
realtime_simulation,random_forest,0.12,0.5119617224880383,0.5,0.5119617224880383,1.0,0.6772151898734177,1.0,0.0,0.0,209,102,107
realtime_simulation,random_forest,0.13,0.5119617224880383,0.5,0.5119617224880383,1.0,0.6772151898734177,1.0,0.0,0.0,209,102,107
realtime_simulation,random_forest,0.14,0.5119617224880383,0.5,0.5119617224880383,1.0,0.6772151898734177,1.0,0.0,0.0,209,102,107
realtime_simulation,random_forest,0.15,0.5119617224880383,0.5,0.5119617224880383,1.0,0.6772151898734177,1.0,0.0,0.0,209,102,107
realtime_simulation,random_forest,0.16,0.5119617224880383,0.5,0.5119617224880383,1.0,0.6772151898734177,1.0,0.0,0.0,209,102,107
realtime_simulation,random_forest,0.17,0.5119617224880383,0.5,0.5119617224880383,1.0,0.6772151898734177,1.0,0.0,0.0,209,102,107
realtime_simulation,random_forest,0.18,0.5119617224880383,0.5,0.5119617224880383,1.0,0.6772151898734177,1.0,0.0,0.0,209,102,107
realtime_simulation,random_forest,0.19,0.5119617224880383,0.5,0.5119617224880383,1.0,0.6772151898734177,1.0,0.0,0.0,209,102,107
realtime_simulation,random_forest,0.2,0.5119617224880383,0.5,0.5119617224880383,1.0,0.6772151898734177,1.0,0.0,0.0,209,102,107
realtime_simulation,random_forest,0.21,0.5119617224880383,0.5,0.5119617224880383,1.0,0.6772151898734177,1.0,0.0,0.0,209,102,107
realtime_simulation,random_forest,0.22,0.5119617224880383,0.5,0.5119617224880383,1.0,0.6772151898734177,1.0,0.0,0.0,209,102,107
realtime_simulation,random_forest,0.23,0.5167464114832536,0.5049019607843137,0.5144230769230769,1.0,0.6793650793650794,0.9901960784313726,0.0,0.00980392156862745,209,102,107
realtime_simulation,random_forest,0.24,0.5167464114832536,0.5049019607843137,0.5144230769230769,1.0,0.6793650793650794,0.9901960784313726,0.0,0.00980392156862745,209,102,107
realtime_simulation,random_forest,0.25,0.5167464114832536,0.5049019607843137,0.5144230769230769,1.0,0.6793650793650794,0.9901960784313726,0.0,0.00980392156862745,209,102,107
realtime_simulation,random_forest,0.26,0.5263157894736842,0.5147058823529411,0.5194174757281553,1.0,0.6837060702875399,0.9705882352941176,0.0,0.029411764705882353,209,102,107
realtime_simulation,random_forest,0.27,0.5167464114832536,0.5053600879604178,0.5147058823529411,0.9813084112149533,0.6752411575562701,0.9705882352941176,0.018691588785046728,0.029411764705882353,209,102,107
realtime_simulation,random_forest,0.28,0.5215311004784688,0.5102620487447316,0.5172413793103449,0.9813084112149533,0.6774193548387096,0.9607843137254902,0.018691588785046728,0.0392156862745098,209,102,107
realtime_simulation,random_forest,0.29,0.5215311004784688,0.5102620487447316,0.5172413793103449,0.9813084112149533,0.6774193548387096,0.9607843137254902,0.018691588785046728,0.0392156862745098,209,102,107
realtime_simulation,random_forest,0.3,0.5215311004784688,0.5102620487447316,0.5172413793103449,0.9813084112149533,0.6774193548387096,0.9607843137254902,0.018691588785046728,0.0392156862745098,209,102,107
realtime_simulation,random_forest,0.31,0.5215311004784688,0.5102620487447316,0.5172413793103449,0.9813084112149533,0.6774193548387096,0.9607843137254902,0.018691588785046728,0.0392156862745098,209,102,107
realtime_simulation,random_forest,0.32,0.5215311004784688,0.5104911123327835,0.5174129353233831,0.9719626168224299,0.6753246753246753,0.9509803921568627,0.028037383177570093,0.049019607843137254,209,102,107
realtime_simulation,random_forest,0.33,0.5263157894736842,0.5153930731170973,0.52,0.9719626168224299,0.6775244299674267,0.9411764705882353,0.028037383177570093,0.058823529411764705,209,102,107
realtime_simulation,random_forest,0.34,0.5311004784688995,0.5202950339014111,0.5226130653266332,0.9719626168224299,0.6797385620915033,0.9313725490196079,0.028037383177570093,0.06862745098039216,209,102,107
realtime_simulation,random_forest,0.35,0.5358851674641149,0.5254260582737768,0.5255102040816326,0.9626168224299065,0.6798679867986799,0.9117647058823529,0.037383177570093455,0.08823529411764706,209,102,107
realtime_simulation,random_forest,0.36,0.5311004784688995,0.5207531610775151,0.5230769230769231,0.9532710280373832,0.6754966887417219,0.9117647058823529,0.04672897196261682,0.08823529411764706,209,102,107
realtime_simulation,random_forest,0.37,0.5358851674641149,0.5256551218618288,0.5257731958762887,0.9532710280373832,0.6777408637873754,0.9019607843137255,0.04672897196261682,0.09803921568627451,209,102,107
realtime_simulation,random_forest,0.38,0.5263157894736842,0.5165383910573575,0.5210526315789473,0.9252336448598131,0.6666666666666666,0.8921568627450981,0.07476635514018691,0.10784313725490197,209,102,107
realtime_simulation,random_forest,0.39,0.5358851674641149,0.526342312625985,0.526595744680851,0.9252336448598131,0.6711864406779661,0.8725490196078431,0.07476635514018691,0.12745098039215685,209,102,107
realtime_simulation,random_forest,0.4,0.5311004784688995,0.5216694154297232,0.5240641711229946,0.9158878504672897,0.6666666666666666,0.8725490196078431,0.08411214953271028,0.12745098039215685,209,102,107
realtime_simulation,random_forest,0.41,0.5311004784688995,0.5223566061938794,0.5248618784530387,0.8878504672897196,0.6597222222222222,0.8431372549019608,0.11214953271028037,0.1568627450980392,209,102,107
realtime_simulation,random_forest,0.42,0.5598086124401914,0.5522264980758659,0.543859649122807,0.8691588785046729,0.6690647482014388,0.7647058823529411,0.1308411214953271,0.23529411764705882,209,102,107
realtime_simulation,random_forest,0.43,0.5741626794258373,0.5671614440168591,0.5542168674698795,0.8598130841121495,0.673992673992674,0.7254901960784313,0.14018691588785046,0.27450980392156865,209,102,107
realtime_simulation,random_forest,0.44,0.5550239234449761,0.5493861095840205,0.5454545454545454,0.7850467289719626,0.6436781609195402,0.6862745098039216,0.21495327102803738,0.3137254901960784,209,102,107
realtime_simulation,random_forest,0.45,0.5358851674641149,0.5306945207989737,0.5333333333333333,0.7476635514018691,0.622568093385214,0.6862745098039216,0.2523364485981308,0.3137254901960784,209,102,107
realtime_simulation,random_forest,0.46,0.5311004784688995,0.5271669415429723,0.5323741007194245,0.6915887850467289,0.6016260162601627,0.6372549019607843,0.308411214953271,0.3627450980392157,209,102,107
realtime_simulation,random_forest,0.47,0.5311004784688995,0.5285413230712845,0.5354330708661418,0.6355140186915887,0.5811965811965812,0.5784313725490197,0.3644859813084112,0.4215686274509804,209,102,107
realtime_simulation,random_forest,0.48,0.5119617224880383,0.510307861462342,0.5210084033613446,0.5794392523364486,0.5486725663716814,0.5588235294117647,0.4205607476635514,0.4411764705882353,209,102,107
realtime_simulation,random_forest,0.49,0.5119617224880383,0.5114531794026022,0.5229357798165137,0.5327102803738317,0.5277777777777778,0.5098039215686274,0.4672897196261682,0.49019607843137253,209,102,107
realtime_simulation,random_forest,0.5,0.4880382775119617,0.48831775700934577,0.5,0.4766355140186916,0.4880382775119617,0.5,0.5233644859813084,0.5,209,102,107
realtime_simulation,random_forest,0.51,0.49760765550239233,0.49857980575407734,0.5104166666666666,0.45794392523364486,0.4827586206896552,0.46078431372549017,0.5420560747663551,0.5392156862745098,209,102,107
realtime_simulation,random_forest,0.52,0.507177033492823,0.509299981674913,0.5232558139534884,0.4205607476635514,0.46632124352331605,0.4019607843137255,0.5794392523364486,0.5980392156862745,209,102,107
realtime_simulation,random_forest,0.53,0.49760765550239233,0.5006413780465457,0.5128205128205128,0.37383177570093457,0.43243243243243246,0.37254901960784315,0.6261682242990654,0.6274509803921569,209,102,107
realtime_simulation,random_forest,0.54,0.4784688995215311,0.48240791643760306,0.4857142857142857,0.3177570093457944,0.384180790960452,0.35294117647058826,0.6822429906542056,0.6470588235294118,209,102,107
realtime_simulation,random_forest,0.55,0.4880382775119617,0.4922118380062305,0.5,0.3177570093457944,0.38857142857142857,0.3333333333333333,0.6822429906542056,0.6666666666666666,209,102,107
realtime_simulation,random_forest,0.56,0.4880382775119617,0.4928990287703866,0.5,0.2897196261682243,0.3668639053254438,0.30392156862745096,0.7102803738317757,0.696078431372549,209,102,107
realtime_simulation,random_forest,0.57,0.48325358851674644,0.4889133223382811,0.4909090909090909,0.2523364485981308,0.3333333333333333,0.27450980392156865,0.7476635514018691,0.7254901960784313,209,102,107
realtime_simulation,random_forest,0.58,0.48325358851674644,0.4891423859263332,0.49056603773584906,0.24299065420560748,0.325,0.2647058823529412,0.7570093457943925,0.7352941176470589,209,102,107
realtime_simulation,random_forest,0.59,0.4880382775119617,0.49450247388675095,0.5,0.22429906542056074,0.3096774193548387,0.23529411764705882,0.7757009345794392,0.7647058823529411,209,102,107
realtime_simulation,random_forest,0.6,0.49282296650717705,0.4994044346710647,0.5106382978723404,0.22429906542056074,0.3116883116883117,0.22549019607843138,0.7757009345794392,0.7745098039215687,209,102,107
realtime_simulation,random_forest,0.61,0.5119617224880383,0.5190122778083196,0.5581395348837209,0.22429906542056074,0.32,0.18627450980392157,0.7757009345794392,0.8137254901960784,209,102,107
realtime_simulation,random_forest,0.62,0.5215311004784688,0.5292743265530511,0.5945945945945946,0.205607476635514,0.3055555555555556,0.14705882352941177,0.794392523364486,0.8529411764705882,209,102,107
realtime_simulation,random_forest,0.63,0.5167464114832536,0.5246014293567894,0.5833333333333334,0.19626168224299065,0.2937062937062937,0.14705882352941177,0.8037383177570093,0.8529411764705882,209,102,107
realtime_simulation,random_forest,0.64,0.5119617224880383,0.5201575957485798,0.5757575757575758,0.17757009345794392,0.2714285714285714,0.13725490196078433,0.822429906542056,0.8627450980392157,209,102,107
realtime_simulation,random_forest,0.65,0.5119617224880383,0.5203866593366319,0.5806451612903226,0.16822429906542055,0.2608695652173913,0.12745098039215685,0.8317757009345794,0.8725490196078431,209,102,107
realtime_simulation,random_forest,0.66,0.5119617224880383,0.5206157229246838,0.5862068965517241,0.1588785046728972,0.25,0.11764705882352941,0.8411214953271028,0.8823529411764706,209,102,107
realtime_simulation,random_forest,0.67,0.5215311004784688,0.5306487080813633,0.64,0.14953271028037382,0.24242424242424243,0.08823529411764706,0.8504672897196262,0.9117647058823529,209,102,107
realtime_simulation,random_forest,0.68,0.5167464114832536,0.5259758108851017,0.625,0.14018691588785046,0.22900763358778625,0.08823529411764706,0.8598130841121495,0.9117647058823529,209,102,107
realtime_simulation,random_forest,0.69,0.5215311004784688,0.5308777716694154,0.6521739130434783,0.14018691588785046,0.23076923076923078,0.0784313725490196,0.8598130841121495,0.9215686274509803,209,102,107
realtime_simulation,random_forest,0.7,0.5119617224880383,0.521531977276892,0.6190476190476191,0.12149532710280374,0.203125,0.0784313725490196,0.8785046728971962,0.9215686274509803,209,102,107
realtime_simulation,random_forest,0.71,0.5119617224880383,0.5222191680410482,0.6666666666666666,0.09345794392523364,0.16393442622950818,0.049019607843137254,0.9065420560747663,0.9509803921568627,209,102,107
realtime_simulation,random_forest,0.72,0.5023923444976076,0.5128733736485248,0.6153846153846154,0.07476635514018691,0.13333333333333333,0.049019607843137254,0.9252336448598131,0.9509803921568627,209,102,107
realtime_simulation,random_forest,0.73,0.49760765550239233,0.5086586036283672,0.625,0.04672897196261682,0.08695652173913043,0.029411764705882353,0.9532710280373832,0.9705882352941176,209,102,107
realtime_simulation,random_forest,0.74,0.49760765550239233,0.5086586036283672,0.625,0.04672897196261682,0.08695652173913043,0.029411764705882353,0.9532710280373832,0.9705882352941176,209,102,107
realtime_simulation,random_forest,0.75,0.49760765550239233,0.5086586036283672,0.625,0.04672897196261682,0.08695652173913043,0.029411764705882353,0.9532710280373832,0.9705882352941176,209,102,107
realtime_simulation,random_forest,0.76,0.5023923444976076,0.5135605644126809,0.7142857142857143,0.04672897196261682,0.08771929824561403,0.0196078431372549,0.9532710280373832,0.9803921568627451,209,102,107
realtime_simulation,random_forest,0.77,0.507177033492823,0.5184625251969947,0.8333333333333334,0.04672897196261682,0.08849557522123894,0.00980392156862745,0.9532710280373832,0.9901960784313726,209,102,107
realtime_simulation,random_forest,0.78,0.507177033492823,0.5186915887850467,1.0,0.037383177570093455,0.07207207207207207,0.0,0.9626168224299065,1.0,209,102,107
realtime_simulation,random_forest,0.79,0.5023923444976076,0.514018691588785,1.0,0.028037383177570093,0.05454545454545454,0.0,0.9719626168224299,1.0,209,102,107
realtime_simulation,random_forest,0.8,0.49760765550239233,0.5093457943925234,1.0,0.018691588785046728,0.03669724770642202,0.0,0.9813084112149533,1.0,209,102,107
realtime_simulation,random_forest,0.81,0.4880382775119617,0.5,0.0,0.0,0.0,0.0,1.0,1.0,209,102,107
realtime_simulation,random_forest,0.82,0.4880382775119617,0.5,0.0,0.0,0.0,0.0,1.0,1.0,209,102,107
realtime_simulation,random_forest,0.83,0.4880382775119617,0.5,0.0,0.0,0.0,0.0,1.0,1.0,209,102,107
realtime_simulation,random_forest,0.84,0.4880382775119617,0.5,0.0,0.0,0.0,0.0,1.0,1.0,209,102,107
realtime_simulation,random_forest,0.85,0.4880382775119617,0.5,0.0,0.0,0.0,0.0,1.0,1.0,209,102,107
realtime_simulation,random_forest,0.86,0.4880382775119617,0.5,0.0,0.0,0.0,0.0,1.0,1.0,209,102,107
realtime_simulation,random_forest,0.87,0.4880382775119617,0.5,0.0,0.0,0.0,0.0,1.0,1.0,209,102,107
realtime_simulation,random_forest,0.88,0.4880382775119617,0.5,0.0,0.0,0.0,0.0,1.0,1.0,209,102,107
realtime_simulation,random_forest,0.89,0.4880382775119617,0.5,0.0,0.0,0.0,0.0,1.0,1.0,209,102,107
realtime_simulation,random_forest,0.9,0.4880382775119617,0.5,0.0,0.0,0.0,0.0,1.0,1.0,209,102,107
realtime_simulation,random_forest,0.91,0.4880382775119617,0.5,0.0,0.0,0.0,0.0,1.0,1.0,209,102,107
realtime_simulation,random_forest,0.92,0.4880382775119617,0.5,0.0,0.0,0.0,0.0,1.0,1.0,209,102,107
realtime_simulation,random_forest,0.93,0.4880382775119617,0.5,0.0,0.0,0.0,0.0,1.0,1.0,209,102,107
realtime_simulation,random_forest,0.94,0.4880382775119617,0.5,0.0,0.0,0.0,0.0,1.0,1.0,209,102,107
realtime_simulation,random_forest,0.95,0.4880382775119617,0.5,0.0,0.0,0.0,0.0,1.0,1.0,209,102,107
test,causal_tcn,0.05,0.5,0.5,0.5,1.0,0.6666666666666666,1.0,0.0,0.0,24,12,12
test,causal_tcn,0.06,0.5,0.5,0.5,1.0,0.6666666666666666,1.0,0.0,0.0,24,12,12
test,causal_tcn,0.07,0.5,0.5,0.5,1.0,0.6666666666666666,1.0,0.0,0.0,24,12,12
test,causal_tcn,0.08,0.5,0.5,0.5,1.0,0.6666666666666666,1.0,0.0,0.0,24,12,12
test,causal_tcn,0.09,0.5,0.5,0.5,1.0,0.6666666666666666,1.0,0.0,0.0,24,12,12
test,causal_tcn,0.1,0.5,0.5,0.5,1.0,0.6666666666666666,1.0,0.0,0.0,24,12,12
test,causal_tcn,0.11,0.5,0.5,0.5,1.0,0.6666666666666666,1.0,0.0,0.0,24,12,12
test,causal_tcn,0.12,0.5,0.5,0.5,1.0,0.6666666666666666,1.0,0.0,0.0,24,12,12
test,causal_tcn,0.13,0.5,0.5,0.5,1.0,0.6666666666666666,1.0,0.0,0.0,24,12,12
test,causal_tcn,0.14,0.5,0.5,0.5,1.0,0.6666666666666666,1.0,0.0,0.0,24,12,12
test,causal_tcn,0.15,0.5,0.5,0.5,1.0,0.6666666666666666,1.0,0.0,0.0,24,12,12
test,causal_tcn,0.16,0.5,0.5,0.5,1.0,0.6666666666666666,1.0,0.0,0.0,24,12,12
test,causal_tcn,0.17,0.5,0.5,0.5,1.0,0.6666666666666666,1.0,0.0,0.0,24,12,12
test,causal_tcn,0.18,0.5,0.5,0.5,1.0,0.6666666666666666,1.0,0.0,0.0,24,12,12
test,causal_tcn,0.19,0.5,0.5,0.5,1.0,0.6666666666666666,1.0,0.0,0.0,24,12,12
test,causal_tcn,0.2,0.5,0.5,0.5,1.0,0.6666666666666666,1.0,0.0,0.0,24,12,12
test,causal_tcn,0.21,0.5,0.5,0.5,1.0,0.6666666666666666,1.0,0.0,0.0,24,12,12
test,causal_tcn,0.22,0.5,0.5,0.5,1.0,0.6666666666666666,1.0,0.0,0.0,24,12,12
test,causal_tcn,0.23,0.5,0.5,0.5,1.0,0.6666666666666666,1.0,0.0,0.0,24,12,12
test,causal_tcn,0.24,0.5,0.5,0.5,1.0,0.6666666666666666,1.0,0.0,0.0,24,12,12
test,causal_tcn,0.25,0.5,0.5,0.5,1.0,0.6666666666666666,1.0,0.0,0.0,24,12,12
test,causal_tcn,0.26,0.5,0.5,0.5,1.0,0.6666666666666666,1.0,0.0,0.0,24,12,12
test,causal_tcn,0.27,0.5,0.5,0.5,1.0,0.6666666666666666,1.0,0.0,0.0,24,12,12
test,causal_tcn,0.28,0.5,0.5,0.5,1.0,0.6666666666666666,1.0,0.0,0.0,24,12,12
test,causal_tcn,0.29,0.5,0.5,0.5,1.0,0.6666666666666666,1.0,0.0,0.0,24,12,12
test,causal_tcn,0.3,0.5,0.5,0.5,1.0,0.6666666666666666,1.0,0.0,0.0,24,12,12
test,causal_tcn,0.31,0.5,0.5,0.5,1.0,0.6666666666666666,1.0,0.0,0.0,24,12,12
test,causal_tcn,0.32,0.5,0.5,0.5,1.0,0.6666666666666666,1.0,0.0,0.0,24,12,12
test,causal_tcn,0.33,0.5,0.5,0.5,1.0,0.6666666666666666,1.0,0.0,0.0,24,12,12
test,causal_tcn,0.34,0.5,0.5,0.5,1.0,0.6666666666666666,1.0,0.0,0.0,24,12,12
test,causal_tcn,0.35,0.5,0.5,0.5,1.0,0.6666666666666666,1.0,0.0,0.0,24,12,12
test,causal_tcn,0.36,0.5,0.5,0.5,1.0,0.6666666666666666,1.0,0.0,0.0,24,12,12
test,causal_tcn,0.37,0.5,0.5,0.5,1.0,0.6666666666666666,1.0,0.0,0.0,24,12,12
test,causal_tcn,0.38,0.5,0.5,0.5,1.0,0.6666666666666666,1.0,0.0,0.0,24,12,12
test,causal_tcn,0.39,0.5,0.5,0.5,1.0,0.6666666666666666,1.0,0.0,0.0,24,12,12
test,causal_tcn,0.4,0.5,0.5,0.5,1.0,0.6666666666666666,1.0,0.0,0.0,24,12,12
test,causal_tcn,0.41,0.5,0.5,0.5,1.0,0.6666666666666666,1.0,0.0,0.0,24,12,12
test,causal_tcn,0.42,0.5,0.5,0.5,1.0,0.6666666666666666,1.0,0.0,0.0,24,12,12
test,causal_tcn,0.43,0.5,0.5,0.5,1.0,0.6666666666666666,1.0,0.0,0.0,24,12,12
test,causal_tcn,0.44,0.5,0.5,0.5,1.0,0.6666666666666666,1.0,0.0,0.0,24,12,12
test,causal_tcn,0.45,0.5416666666666666,0.5416666666666666,0.5217391304347826,1.0,0.6857142857142857,0.9166666666666666,0.0,0.08333333333333333,24,12,12
test,causal_tcn,0.46,0.5,0.5,0.5,0.8333333333333334,0.625,0.8333333333333334,0.16666666666666666,0.16666666666666666,24,12,12
test,causal_tcn,0.47,0.5,0.5,0.5,0.8333333333333334,0.625,0.8333333333333334,0.16666666666666666,0.16666666666666666,24,12,12
test,causal_tcn,0.48,0.4583333333333333,0.45833333333333337,0.4666666666666667,0.5833333333333334,0.5185185185185185,0.6666666666666666,0.4166666666666667,0.3333333333333333,24,12,12
test,causal_tcn,0.49,0.4583333333333333,0.45833333333333337,0.45454545454545453,0.4166666666666667,0.43478260869565216,0.5,0.5833333333333334,0.5,24,12,12
test,causal_tcn,0.5,0.4583333333333333,0.4583333333333333,0.42857142857142855,0.25,0.3157894736842105,0.3333333333333333,0.75,0.6666666666666666,24,12,12
test,causal_tcn,0.51,0.5,0.5,0.5,0.08333333333333333,0.14285714285714285,0.08333333333333333,0.9166666666666666,0.9166666666666666,24,12,12
test,causal_tcn,0.52,0.5,0.5,0.0,0.0,0.0,0.0,1.0,1.0,24,12,12
test,causal_tcn,0.53,0.5,0.5,0.0,0.0,0.0,0.0,1.0,1.0,24,12,12
test,causal_tcn,0.54,0.5,0.5,0.0,0.0,0.0,0.0,1.0,1.0,24,12,12
test,causal_tcn,0.55,0.5,0.5,0.0,0.0,0.0,0.0,1.0,1.0,24,12,12
test,causal_tcn,0.56,0.5,0.5,0.0,0.0,0.0,0.0,1.0,1.0,24,12,12
test,causal_tcn,0.57,0.5,0.5,0.0,0.0,0.0,0.0,1.0,1.0,24,12,12
test,causal_tcn,0.58,0.5,0.5,0.0,0.0,0.0,0.0,1.0,1.0,24,12,12
test,causal_tcn,0.59,0.5,0.5,0.0,0.0,0.0,0.0,1.0,1.0,24,12,12
test,causal_tcn,0.6,0.5,0.5,0.0,0.0,0.0,0.0,1.0,1.0,24,12,12
test,causal_tcn,0.61,0.5,0.5,0.0,0.0,0.0,0.0,1.0,1.0,24,12,12
test,causal_tcn,0.62,0.5,0.5,0.0,0.0,0.0,0.0,1.0,1.0,24,12,12
test,causal_tcn,0.63,0.5,0.5,0.0,0.0,0.0,0.0,1.0,1.0,24,12,12
test,causal_tcn,0.64,0.5,0.5,0.0,0.0,0.0,0.0,1.0,1.0,24,12,12
test,causal_tcn,0.65,0.5,0.5,0.0,0.0,0.0,0.0,1.0,1.0,24,12,12
test,causal_tcn,0.66,0.5,0.5,0.0,0.0,0.0,0.0,1.0,1.0,24,12,12
test,causal_tcn,0.67,0.5,0.5,0.0,0.0,0.0,0.0,1.0,1.0,24,12,12
test,causal_tcn,0.68,0.5,0.5,0.0,0.0,0.0,0.0,1.0,1.0,24,12,12
test,causal_tcn,0.69,0.5,0.5,0.0,0.0,0.0,0.0,1.0,1.0,24,12,12
test,causal_tcn,0.7,0.5,0.5,0.0,0.0,0.0,0.0,1.0,1.0,24,12,12
test,causal_tcn,0.71,0.5,0.5,0.0,0.0,0.0,0.0,1.0,1.0,24,12,12
test,causal_tcn,0.72,0.5,0.5,0.0,0.0,0.0,0.0,1.0,1.0,24,12,12
test,causal_tcn,0.73,0.5,0.5,0.0,0.0,0.0,0.0,1.0,1.0,24,12,12
test,causal_tcn,0.74,0.5,0.5,0.0,0.0,0.0,0.0,1.0,1.0,24,12,12
test,causal_tcn,0.75,0.5,0.5,0.0,0.0,0.0,0.0,1.0,1.0,24,12,12
test,causal_tcn,0.76,0.5,0.5,0.0,0.0,0.0,0.0,1.0,1.0,24,12,12
test,causal_tcn,0.77,0.5,0.5,0.0,0.0,0.0,0.0,1.0,1.0,24,12,12
test,causal_tcn,0.78,0.5,0.5,0.0,0.0,0.0,0.0,1.0,1.0,24,12,12
test,causal_tcn,0.79,0.5,0.5,0.0,0.0,0.0,0.0,1.0,1.0,24,12,12
test,causal_tcn,0.8,0.5,0.5,0.0,0.0,0.0,0.0,1.0,1.0,24,12,12
test,causal_tcn,0.81,0.5,0.5,0.0,0.0,0.0,0.0,1.0,1.0,24,12,12
test,causal_tcn,0.82,0.5,0.5,0.0,0.0,0.0,0.0,1.0,1.0,24,12,12
test,causal_tcn,0.83,0.5,0.5,0.0,0.0,0.0,0.0,1.0,1.0,24,12,12
test,causal_tcn,0.84,0.5,0.5,0.0,0.0,0.0,0.0,1.0,1.0,24,12,12
test,causal_tcn,0.85,0.5,0.5,0.0,0.0,0.0,0.0,1.0,1.0,24,12,12
test,causal_tcn,0.86,0.5,0.5,0.0,0.0,0.0,0.0,1.0,1.0,24,12,12
test,causal_tcn,0.87,0.5,0.5,0.0,0.0,0.0,0.0,1.0,1.0,24,12,12
test,causal_tcn,0.88,0.5,0.5,0.0,0.0,0.0,0.0,1.0,1.0,24,12,12
test,causal_tcn,0.89,0.5,0.5,0.0,0.0,0.0,0.0,1.0,1.0,24,12,12
test,causal_tcn,0.9,0.5,0.5,0.0,0.0,0.0,0.0,1.0,1.0,24,12,12
test,causal_tcn,0.91,0.5,0.5,0.0,0.0,0.0,0.0,1.0,1.0,24,12,12
test,causal_tcn,0.92,0.5,0.5,0.0,0.0,0.0,0.0,1.0,1.0,24,12,12
test,causal_tcn,0.93,0.5,0.5,0.0,0.0,0.0,0.0,1.0,1.0,24,12,12
test,causal_tcn,0.94,0.5,0.5,0.0,0.0,0.0,0.0,1.0,1.0,24,12,12
test,causal_tcn,0.95,0.5,0.5,0.0,0.0,0.0,0.0,1.0,1.0,24,12,12
test,gru,0.05,0.5,0.5,0.5,1.0,0.6666666666666666,1.0,0.0,0.0,24,12,12
test,gru,0.06,0.5,0.5,0.5,1.0,0.6666666666666666,1.0,0.0,0.0,24,12,12
test,gru,0.07,0.5,0.5,0.5,1.0,0.6666666666666666,1.0,0.0,0.0,24,12,12
test,gru,0.08,0.5,0.5,0.5,1.0,0.6666666666666666,1.0,0.0,0.0,24,12,12
test,gru,0.09,0.5,0.5,0.5,1.0,0.6666666666666666,1.0,0.0,0.0,24,12,12
test,gru,0.1,0.5,0.5,0.5,1.0,0.6666666666666666,1.0,0.0,0.0,24,12,12
test,gru,0.11,0.5,0.5,0.5,1.0,0.6666666666666666,1.0,0.0,0.0,24,12,12
test,gru,0.12,0.5,0.5,0.5,1.0,0.6666666666666666,1.0,0.0,0.0,24,12,12
test,gru,0.13,0.5,0.5,0.5,1.0,0.6666666666666666,1.0,0.0,0.0,24,12,12
test,gru,0.14,0.5,0.5,0.5,1.0,0.6666666666666666,1.0,0.0,0.0,24,12,12
test,gru,0.15,0.5,0.5,0.5,1.0,0.6666666666666666,1.0,0.0,0.0,24,12,12
test,gru,0.16,0.5,0.5,0.5,1.0,0.6666666666666666,1.0,0.0,0.0,24,12,12
test,gru,0.17,0.5,0.5,0.5,1.0,0.6666666666666666,1.0,0.0,0.0,24,12,12
test,gru,0.18,0.5,0.5,0.5,1.0,0.6666666666666666,1.0,0.0,0.0,24,12,12
test,gru,0.19,0.5,0.5,0.5,1.0,0.6666666666666666,1.0,0.0,0.0,24,12,12
test,gru,0.2,0.5,0.5,0.5,1.0,0.6666666666666666,1.0,0.0,0.0,24,12,12
test,gru,0.21,0.5,0.5,0.5,1.0,0.6666666666666666,1.0,0.0,0.0,24,12,12
test,gru,0.22,0.5,0.5,0.5,1.0,0.6666666666666666,1.0,0.0,0.0,24,12,12
test,gru,0.23,0.5,0.5,0.5,1.0,0.6666666666666666,1.0,0.0,0.0,24,12,12
test,gru,0.24,0.5,0.5,0.5,1.0,0.6666666666666666,1.0,0.0,0.0,24,12,12
test,gru,0.25,0.5,0.5,0.5,1.0,0.6666666666666666,1.0,0.0,0.0,24,12,12
test,gru,0.26,0.5,0.5,0.5,1.0,0.6666666666666666,1.0,0.0,0.0,24,12,12
test,gru,0.27,0.5,0.5,0.5,1.0,0.6666666666666666,1.0,0.0,0.0,24,12,12
test,gru,0.28,0.5,0.5,0.5,1.0,0.6666666666666666,1.0,0.0,0.0,24,12,12
test,gru,0.29,0.5,0.5,0.5,1.0,0.6666666666666666,1.0,0.0,0.0,24,12,12
test,gru,0.3,0.5,0.5,0.5,1.0,0.6666666666666666,1.0,0.0,0.0,24,12,12
test,gru,0.31,0.5,0.5,0.5,1.0,0.6666666666666666,1.0,0.0,0.0,24,12,12
test,gru,0.32,0.5,0.5,0.5,1.0,0.6666666666666666,1.0,0.0,0.0,24,12,12
test,gru,0.33,0.5,0.5,0.5,1.0,0.6666666666666666,1.0,0.0,0.0,24,12,12
test,gru,0.34,0.5,0.5,0.5,1.0,0.6666666666666666,1.0,0.0,0.0,24,12,12
test,gru,0.35,0.5,0.5,0.5,1.0,0.6666666666666666,1.0,0.0,0.0,24,12,12
test,gru,0.36,0.5,0.5,0.5,1.0,0.6666666666666666,1.0,0.0,0.0,24,12,12
test,gru,0.37,0.5,0.5,0.5,1.0,0.6666666666666666,1.0,0.0,0.0,24,12,12
test,gru,0.38,0.5,0.5,0.5,1.0,0.6666666666666666,1.0,0.0,0.0,24,12,12
test,gru,0.39,0.5,0.5,0.5,1.0,0.6666666666666666,1.0,0.0,0.0,24,12,12
test,gru,0.4,0.5,0.5,0.5,1.0,0.6666666666666666,1.0,0.0,0.0,24,12,12
test,gru,0.41,0.5,0.5,0.5,1.0,0.6666666666666666,1.0,0.0,0.0,24,12,12
test,gru,0.42,0.5,0.5,0.5,1.0,0.6666666666666666,1.0,0.0,0.0,24,12,12
test,gru,0.43,0.5,0.5,0.5,1.0,0.6666666666666666,1.0,0.0,0.0,24,12,12
test,gru,0.44,0.5,0.5,0.5,1.0,0.6666666666666666,1.0,0.0,0.0,24,12,12
test,gru,0.45,0.5,0.5,0.5,1.0,0.6666666666666666,1.0,0.0,0.0,24,12,12
test,gru,0.46,0.5,0.5,0.5,1.0,0.6666666666666666,1.0,0.0,0.0,24,12,12
test,gru,0.47,0.5,0.5,0.5,1.0,0.6666666666666666,1.0,0.0,0.0,24,12,12
test,gru,0.48,0.5,0.5,0.5,1.0,0.6666666666666666,1.0,0.0,0.0,24,12,12
test,gru,0.49,0.5,0.5,0.5,1.0,0.6666666666666666,1.0,0.0,0.0,24,12,12
test,gru,0.5,0.4583333333333333,0.45833333333333337,0.47619047619047616,0.8333333333333334,0.6060606060606061,0.9166666666666666,0.16666666666666666,0.08333333333333333,24,12,12
test,gru,0.51,0.5416666666666666,0.5416666666666666,0.5294117647058824,0.75,0.6206896551724138,0.6666666666666666,0.25,0.3333333333333333,24,12,12
test,gru,0.52,0.375,0.375,0.3333333333333333,0.25,0.2857142857142857,0.5,0.75,0.5,24,12,12
test,gru,0.53,0.5,0.5,0.5,0.08333333333333333,0.14285714285714285,0.08333333333333333,0.9166666666666666,0.9166666666666666,24,12,12
test,gru,0.54,0.5416666666666666,0.5416666666666666,1.0,0.08333333333333333,0.15384615384615385,0.0,0.9166666666666666,1.0,24,12,12
test,gru,0.55,0.5,0.5,0.0,0.0,0.0,0.0,1.0,1.0,24,12,12
test,gru,0.56,0.5,0.5,0.0,0.0,0.0,0.0,1.0,1.0,24,12,12
test,gru,0.57,0.5,0.5,0.0,0.0,0.0,0.0,1.0,1.0,24,12,12
test,gru,0.58,0.5,0.5,0.0,0.0,0.0,0.0,1.0,1.0,24,12,12
test,gru,0.59,0.5,0.5,0.0,0.0,0.0,0.0,1.0,1.0,24,12,12
test,gru,0.6,0.5,0.5,0.0,0.0,0.0,0.0,1.0,1.0,24,12,12
test,gru,0.61,0.5,0.5,0.0,0.0,0.0,0.0,1.0,1.0,24,12,12
test,gru,0.62,0.5,0.5,0.0,0.0,0.0,0.0,1.0,1.0,24,12,12
test,gru,0.63,0.5,0.5,0.0,0.0,0.0,0.0,1.0,1.0,24,12,12
test,gru,0.64,0.5,0.5,0.0,0.0,0.0,0.0,1.0,1.0,24,12,12
test,gru,0.65,0.5,0.5,0.0,0.0,0.0,0.0,1.0,1.0,24,12,12
test,gru,0.66,0.5,0.5,0.0,0.0,0.0,0.0,1.0,1.0,24,12,12
test,gru,0.67,0.5,0.5,0.0,0.0,0.0,0.0,1.0,1.0,24,12,12
test,gru,0.68,0.5,0.5,0.0,0.0,0.0,0.0,1.0,1.0,24,12,12
test,gru,0.69,0.5,0.5,0.0,0.0,0.0,0.0,1.0,1.0,24,12,12
test,gru,0.7,0.5,0.5,0.0,0.0,0.0,0.0,1.0,1.0,24,12,12
test,gru,0.71,0.5,0.5,0.0,0.0,0.0,0.0,1.0,1.0,24,12,12
test,gru,0.72,0.5,0.5,0.0,0.0,0.0,0.0,1.0,1.0,24,12,12
test,gru,0.73,0.5,0.5,0.0,0.0,0.0,0.0,1.0,1.0,24,12,12
test,gru,0.74,0.5,0.5,0.0,0.0,0.0,0.0,1.0,1.0,24,12,12
test,gru,0.75,0.5,0.5,0.0,0.0,0.0,0.0,1.0,1.0,24,12,12
test,gru,0.76,0.5,0.5,0.0,0.0,0.0,0.0,1.0,1.0,24,12,12
test,gru,0.77,0.5,0.5,0.0,0.0,0.0,0.0,1.0,1.0,24,12,12
test,gru,0.78,0.5,0.5,0.0,0.0,0.0,0.0,1.0,1.0,24,12,12
test,gru,0.79,0.5,0.5,0.0,0.0,0.0,0.0,1.0,1.0,24,12,12
test,gru,0.8,0.5,0.5,0.0,0.0,0.0,0.0,1.0,1.0,24,12,12
test,gru,0.81,0.5,0.5,0.0,0.0,0.0,0.0,1.0,1.0,24,12,12
test,gru,0.82,0.5,0.5,0.0,0.0,0.0,0.0,1.0,1.0,24,12,12
test,gru,0.83,0.5,0.5,0.0,0.0,0.0,0.0,1.0,1.0,24,12,12
test,gru,0.84,0.5,0.5,0.0,0.0,0.0,0.0,1.0,1.0,24,12,12
test,gru,0.85,0.5,0.5,0.0,0.0,0.0,0.0,1.0,1.0,24,12,12
test,gru,0.86,0.5,0.5,0.0,0.0,0.0,0.0,1.0,1.0,24,12,12
test,gru,0.87,0.5,0.5,0.0,0.0,0.0,0.0,1.0,1.0,24,12,12
test,gru,0.88,0.5,0.5,0.0,0.0,0.0,0.0,1.0,1.0,24,12,12
test,gru,0.89,0.5,0.5,0.0,0.0,0.0,0.0,1.0,1.0,24,12,12
test,gru,0.9,0.5,0.5,0.0,0.0,0.0,0.0,1.0,1.0,24,12,12
test,gru,0.91,0.5,0.5,0.0,0.0,0.0,0.0,1.0,1.0,24,12,12
test,gru,0.92,0.5,0.5,0.0,0.0,0.0,0.0,1.0,1.0,24,12,12
test,gru,0.93,0.5,0.5,0.0,0.0,0.0,0.0,1.0,1.0,24,12,12
test,gru,0.94,0.5,0.5,0.0,0.0,0.0,0.0,1.0,1.0,24,12,12
test,gru,0.95,0.5,0.5,0.0,0.0,0.0,0.0,1.0,1.0,24,12,12
test,logistic_regression,0.05,0.5,0.5,0.5,1.0,0.6666666666666666,1.0,0.0,0.0,24,12,12
test,logistic_regression,0.06,0.5,0.5,0.5,1.0,0.6666666666666666,1.0,0.0,0.0,24,12,12
test,logistic_regression,0.07,0.4583333333333333,0.4583333333333333,0.4782608695652174,0.9166666666666666,0.6285714285714286,1.0,0.08333333333333333,0.0,24,12,12
test,logistic_regression,0.08,0.5,0.5,0.5,0.9166666666666666,0.6470588235294118,0.9166666666666666,0.08333333333333333,0.08333333333333333,24,12,12
test,logistic_regression,0.09,0.4583333333333333,0.45833333333333337,0.47619047619047616,0.8333333333333334,0.6060606060606061,0.9166666666666666,0.16666666666666666,0.08333333333333333,24,12,12
test,logistic_regression,0.1,0.4583333333333333,0.45833333333333337,0.47619047619047616,0.8333333333333334,0.6060606060606061,0.9166666666666666,0.16666666666666666,0.08333333333333333,24,12,12
test,logistic_regression,0.11,0.4583333333333333,0.45833333333333337,0.47619047619047616,0.8333333333333334,0.6060606060606061,0.9166666666666666,0.16666666666666666,0.08333333333333333,24,12,12
test,logistic_regression,0.12,0.4583333333333333,0.45833333333333337,0.47619047619047616,0.8333333333333334,0.6060606060606061,0.9166666666666666,0.16666666666666666,0.08333333333333333,24,12,12
test,logistic_regression,0.13,0.5,0.5,0.5,0.8333333333333334,0.625,0.8333333333333334,0.16666666666666666,0.16666666666666666,24,12,12
test,logistic_regression,0.14,0.5,0.5,0.5,0.8333333333333334,0.625,0.8333333333333334,0.16666666666666666,0.16666666666666666,24,12,12
test,logistic_regression,0.15,0.5,0.5,0.5,0.8333333333333334,0.625,0.8333333333333334,0.16666666666666666,0.16666666666666666,24,12,12
test,logistic_regression,0.16,0.5,0.5,0.5,0.8333333333333334,0.625,0.8333333333333334,0.16666666666666666,0.16666666666666666,24,12,12
test,logistic_regression,0.17,0.5,0.5,0.5,0.8333333333333334,0.625,0.8333333333333334,0.16666666666666666,0.16666666666666666,24,12,12
test,logistic_regression,0.18,0.5,0.5,0.5,0.8333333333333334,0.625,0.8333333333333334,0.16666666666666666,0.16666666666666666,24,12,12
test,logistic_regression,0.19,0.5416666666666666,0.5416666666666667,0.5263157894736842,0.8333333333333334,0.6451612903225806,0.75,0.16666666666666666,0.25,24,12,12
test,logistic_regression,0.2,0.5416666666666666,0.5416666666666667,0.5263157894736842,0.8333333333333334,0.6451612903225806,0.75,0.16666666666666666,0.25,24,12,12
test,logistic_regression,0.21,0.5416666666666666,0.5416666666666667,0.5263157894736842,0.8333333333333334,0.6451612903225806,0.75,0.16666666666666666,0.25,24,12,12
test,logistic_regression,0.22,0.5416666666666666,0.5416666666666667,0.5263157894736842,0.8333333333333334,0.6451612903225806,0.75,0.16666666666666666,0.25,24,12,12
test,logistic_regression,0.23,0.5416666666666666,0.5416666666666667,0.5263157894736842,0.8333333333333334,0.6451612903225806,0.75,0.16666666666666666,0.25,24,12,12
test,logistic_regression,0.24,0.5,0.5,0.5,0.75,0.6,0.75,0.25,0.25,24,12,12
test,logistic_regression,0.25,0.5,0.5,0.5,0.75,0.6,0.75,0.25,0.25,24,12,12
test,logistic_regression,0.26,0.5,0.5,0.5,0.75,0.6,0.75,0.25,0.25,24,12,12
test,logistic_regression,0.27,0.5,0.5,0.5,0.75,0.6,0.75,0.25,0.25,24,12,12
test,logistic_regression,0.28,0.5,0.5,0.5,0.75,0.6,0.75,0.25,0.25,24,12,12
test,logistic_regression,0.29,0.5,0.5,0.5,0.75,0.6,0.75,0.25,0.25,24,12,12
test,logistic_regression,0.3,0.4583333333333333,0.4583333333333333,0.47058823529411764,0.6666666666666666,0.5517241379310345,0.75,0.3333333333333333,0.25,24,12,12
test,logistic_regression,0.31,0.4583333333333333,0.4583333333333333,0.47058823529411764,0.6666666666666666,0.5517241379310345,0.75,0.3333333333333333,0.25,24,12,12
test,logistic_regression,0.32,0.4583333333333333,0.4583333333333333,0.47058823529411764,0.6666666666666666,0.5517241379310345,0.75,0.3333333333333333,0.25,24,12,12
test,logistic_regression,0.33,0.4583333333333333,0.4583333333333333,0.47058823529411764,0.6666666666666666,0.5517241379310345,0.75,0.3333333333333333,0.25,24,12,12
test,logistic_regression,0.34,0.4583333333333333,0.4583333333333333,0.47058823529411764,0.6666666666666666,0.5517241379310345,0.75,0.3333333333333333,0.25,24,12,12
test,logistic_regression,0.35,0.4583333333333333,0.4583333333333333,0.47058823529411764,0.6666666666666666,0.5517241379310345,0.75,0.3333333333333333,0.25,24,12,12
test,logistic_regression,0.36,0.4583333333333333,0.4583333333333333,0.47058823529411764,0.6666666666666666,0.5517241379310345,0.75,0.3333333333333333,0.25,24,12,12
test,logistic_regression,0.37,0.4583333333333333,0.4583333333333333,0.47058823529411764,0.6666666666666666,0.5517241379310345,0.75,0.3333333333333333,0.25,24,12,12
test,logistic_regression,0.38,0.4583333333333333,0.4583333333333333,0.47058823529411764,0.6666666666666666,0.5517241379310345,0.75,0.3333333333333333,0.25,24,12,12
test,logistic_regression,0.39,0.4583333333333333,0.4583333333333333,0.47058823529411764,0.6666666666666666,0.5517241379310345,0.75,0.3333333333333333,0.25,24,12,12
test,logistic_regression,0.4,0.4583333333333333,0.4583333333333333,0.47058823529411764,0.6666666666666666,0.5517241379310345,0.75,0.3333333333333333,0.25,24,12,12
test,logistic_regression,0.41,0.4583333333333333,0.4583333333333333,0.47058823529411764,0.6666666666666666,0.5517241379310345,0.75,0.3333333333333333,0.25,24,12,12
test,logistic_regression,0.42,0.4583333333333333,0.4583333333333333,0.47058823529411764,0.6666666666666666,0.5517241379310345,0.75,0.3333333333333333,0.25,24,12,12
test,logistic_regression,0.43,0.4583333333333333,0.4583333333333333,0.47058823529411764,0.6666666666666666,0.5517241379310345,0.75,0.3333333333333333,0.25,24,12,12
test,logistic_regression,0.44,0.4583333333333333,0.4583333333333333,0.47058823529411764,0.6666666666666666,0.5517241379310345,0.75,0.3333333333333333,0.25,24,12,12
test,logistic_regression,0.45,0.4583333333333333,0.4583333333333333,0.47058823529411764,0.6666666666666666,0.5517241379310345,0.75,0.3333333333333333,0.25,24,12,12
test,logistic_regression,0.46,0.4583333333333333,0.4583333333333333,0.47058823529411764,0.6666666666666666,0.5517241379310345,0.75,0.3333333333333333,0.25,24,12,12
test,logistic_regression,0.47,0.4583333333333333,0.4583333333333333,0.47058823529411764,0.6666666666666666,0.5517241379310345,0.75,0.3333333333333333,0.25,24,12,12
test,logistic_regression,0.48,0.4583333333333333,0.4583333333333333,0.47058823529411764,0.6666666666666666,0.5517241379310345,0.75,0.3333333333333333,0.25,24,12,12
test,logistic_regression,0.49,0.4583333333333333,0.4583333333333333,0.47058823529411764,0.6666666666666666,0.5517241379310345,0.75,0.3333333333333333,0.25,24,12,12
test,logistic_regression,0.5,0.4583333333333333,0.4583333333333333,0.47058823529411764,0.6666666666666666,0.5517241379310345,0.75,0.3333333333333333,0.25,24,12,12
test,logistic_regression,0.51,0.4583333333333333,0.4583333333333333,0.47058823529411764,0.6666666666666666,0.5517241379310345,0.75,0.3333333333333333,0.25,24,12,12
test,logistic_regression,0.52,0.5,0.5,0.5,0.6666666666666666,0.5714285714285714,0.6666666666666666,0.3333333333333333,0.3333333333333333,24,12,12
test,logistic_regression,0.53,0.5,0.5,0.5,0.6666666666666666,0.5714285714285714,0.6666666666666666,0.3333333333333333,0.3333333333333333,24,12,12
test,logistic_regression,0.54,0.5,0.5,0.5,0.6666666666666666,0.5714285714285714,0.6666666666666666,0.3333333333333333,0.3333333333333333,24,12,12
test,logistic_regression,0.55,0.5,0.5,0.5,0.6666666666666666,0.5714285714285714,0.6666666666666666,0.3333333333333333,0.3333333333333333,24,12,12
test,logistic_regression,0.56,0.5,0.5,0.5,0.6666666666666666,0.5714285714285714,0.6666666666666666,0.3333333333333333,0.3333333333333333,24,12,12
test,logistic_regression,0.57,0.5,0.5,0.5,0.6666666666666666,0.5714285714285714,0.6666666666666666,0.3333333333333333,0.3333333333333333,24,12,12
test,logistic_regression,0.58,0.5,0.5,0.5,0.6666666666666666,0.5714285714285714,0.6666666666666666,0.3333333333333333,0.3333333333333333,24,12,12
test,logistic_regression,0.59,0.5416666666666666,0.5416666666666666,0.5333333333333333,0.6666666666666666,0.5925925925925926,0.5833333333333334,0.3333333333333333,0.4166666666666667,24,12,12
test,logistic_regression,0.6,0.5416666666666666,0.5416666666666666,0.5333333333333333,0.6666666666666666,0.5925925925925926,0.5833333333333334,0.3333333333333333,0.4166666666666667,24,12,12
test,logistic_regression,0.61,0.5416666666666666,0.5416666666666666,0.5333333333333333,0.6666666666666666,0.5925925925925926,0.5833333333333334,0.3333333333333333,0.4166666666666667,24,12,12
test,logistic_regression,0.62,0.5833333333333334,0.5833333333333333,0.5714285714285714,0.6666666666666666,0.6153846153846154,0.5,0.3333333333333333,0.5,24,12,12
test,logistic_regression,0.63,0.5416666666666666,0.5416666666666667,0.5384615384615384,0.5833333333333334,0.56,0.5,0.4166666666666667,0.5,24,12,12
test,logistic_regression,0.64,0.5416666666666666,0.5416666666666667,0.5384615384615384,0.5833333333333334,0.56,0.5,0.4166666666666667,0.5,24,12,12
test,logistic_regression,0.65,0.5416666666666666,0.5416666666666667,0.5384615384615384,0.5833333333333334,0.56,0.5,0.4166666666666667,0.5,24,12,12
test,logistic_regression,0.66,0.5416666666666666,0.5416666666666667,0.5384615384615384,0.5833333333333334,0.56,0.5,0.4166666666666667,0.5,24,12,12
test,logistic_regression,0.67,0.5416666666666666,0.5416666666666667,0.5384615384615384,0.5833333333333334,0.56,0.5,0.4166666666666667,0.5,24,12,12
test,logistic_regression,0.68,0.5416666666666666,0.5416666666666667,0.5384615384615384,0.5833333333333334,0.56,0.5,0.4166666666666667,0.5,24,12,12
test,logistic_regression,0.69,0.5416666666666666,0.5416666666666667,0.5384615384615384,0.5833333333333334,0.56,0.5,0.4166666666666667,0.5,24,12,12
test,logistic_regression,0.7,0.5833333333333334,0.5833333333333334,0.5833333333333334,0.5833333333333334,0.5833333333333334,0.4166666666666667,0.4166666666666667,0.5833333333333334,24,12,12
test,logistic_regression,0.71,0.5833333333333334,0.5833333333333334,0.5833333333333334,0.5833333333333334,0.5833333333333334,0.4166666666666667,0.4166666666666667,0.5833333333333334,24,12,12
test,logistic_regression,0.72,0.5833333333333334,0.5833333333333334,0.5833333333333334,0.5833333333333334,0.5833333333333334,0.4166666666666667,0.4166666666666667,0.5833333333333334,24,12,12
test,logistic_regression,0.73,0.5833333333333334,0.5833333333333334,0.5833333333333334,0.5833333333333334,0.5833333333333334,0.4166666666666667,0.4166666666666667,0.5833333333333334,24,12,12
test,logistic_regression,0.74,0.625,0.625,0.6363636363636364,0.5833333333333334,0.6086956521739131,0.3333333333333333,0.4166666666666667,0.6666666666666666,24,12,12
test,logistic_regression,0.75,0.625,0.625,0.6363636363636364,0.5833333333333334,0.6086956521739131,0.3333333333333333,0.4166666666666667,0.6666666666666666,24,12,12
test,logistic_regression,0.76,0.625,0.625,0.6363636363636364,0.5833333333333334,0.6086956521739131,0.3333333333333333,0.4166666666666667,0.6666666666666666,24,12,12
test,logistic_regression,0.77,0.625,0.625,0.6363636363636364,0.5833333333333334,0.6086956521739131,0.3333333333333333,0.4166666666666667,0.6666666666666666,24,12,12
test,logistic_regression,0.78,0.625,0.625,0.6363636363636364,0.5833333333333334,0.6086956521739131,0.3333333333333333,0.4166666666666667,0.6666666666666666,24,12,12
test,logistic_regression,0.79,0.625,0.625,0.6363636363636364,0.5833333333333334,0.6086956521739131,0.3333333333333333,0.4166666666666667,0.6666666666666666,24,12,12
test,logistic_regression,0.8,0.625,0.625,0.6363636363636364,0.5833333333333334,0.6086956521739131,0.3333333333333333,0.4166666666666667,0.6666666666666666,24,12,12
test,logistic_regression,0.81,0.625,0.625,0.6363636363636364,0.5833333333333334,0.6086956521739131,0.3333333333333333,0.4166666666666667,0.6666666666666666,24,12,12
test,logistic_regression,0.82,0.625,0.625,0.6363636363636364,0.5833333333333334,0.6086956521739131,0.3333333333333333,0.4166666666666667,0.6666666666666666,24,12,12
test,logistic_regression,0.83,0.625,0.625,0.6363636363636364,0.5833333333333334,0.6086956521739131,0.3333333333333333,0.4166666666666667,0.6666666666666666,24,12,12
test,logistic_regression,0.84,0.625,0.625,0.6363636363636364,0.5833333333333334,0.6086956521739131,0.3333333333333333,0.4166666666666667,0.6666666666666666,24,12,12
test,logistic_regression,0.85,0.6666666666666666,0.6666666666666667,0.7,0.5833333333333334,0.6363636363636364,0.25,0.4166666666666667,0.75,24,12,12
test,logistic_regression,0.86,0.6666666666666666,0.6666666666666667,0.7,0.5833333333333334,0.6363636363636364,0.25,0.4166666666666667,0.75,24,12,12
test,logistic_regression,0.87,0.625,0.625,0.6666666666666666,0.5,0.5714285714285714,0.25,0.5,0.75,24,12,12
test,logistic_regression,0.88,0.6666666666666666,0.6666666666666667,0.75,0.5,0.6,0.16666666666666666,0.5,0.8333333333333334,24,12,12
test,logistic_regression,0.89,0.625,0.625,0.7142857142857143,0.4166666666666667,0.5263157894736842,0.16666666666666666,0.5833333333333334,0.8333333333333334,24,12,12
test,logistic_regression,0.9,0.625,0.625,0.7142857142857143,0.4166666666666667,0.5263157894736842,0.16666666666666666,0.5833333333333334,0.8333333333333334,24,12,12
test,logistic_regression,0.91,0.5416666666666666,0.5416666666666667,0.6,0.25,0.35294117647058826,0.16666666666666666,0.75,0.8333333333333334,24,12,12
test,logistic_regression,0.92,0.5833333333333334,0.5833333333333333,0.75,0.25,0.375,0.08333333333333333,0.75,0.9166666666666666,24,12,12
test,logistic_regression,0.93,0.5833333333333334,0.5833333333333333,0.75,0.25,0.375,0.08333333333333333,0.75,0.9166666666666666,24,12,12
test,logistic_regression,0.94,0.5833333333333334,0.5833333333333334,1.0,0.16666666666666666,0.2857142857142857,0.0,0.8333333333333334,1.0,24,12,12
test,logistic_regression,0.95,0.5833333333333334,0.5833333333333334,1.0,0.16666666666666666,0.2857142857142857,0.0,0.8333333333333334,1.0,24,12,12
test,lstm,0.05,0.5,0.5,0.5,1.0,0.6666666666666666,1.0,0.0,0.0,24,12,12
test,lstm,0.06,0.5,0.5,0.5,1.0,0.6666666666666666,1.0,0.0,0.0,24,12,12
test,lstm,0.07,0.5,0.5,0.5,1.0,0.6666666666666666,1.0,0.0,0.0,24,12,12
test,lstm,0.08,0.5,0.5,0.5,1.0,0.6666666666666666,1.0,0.0,0.0,24,12,12
test,lstm,0.09,0.5,0.5,0.5,1.0,0.6666666666666666,1.0,0.0,0.0,24,12,12
test,lstm,0.1,0.5,0.5,0.5,1.0,0.6666666666666666,1.0,0.0,0.0,24,12,12
test,lstm,0.11,0.5,0.5,0.5,1.0,0.6666666666666666,1.0,0.0,0.0,24,12,12
test,lstm,0.12,0.5,0.5,0.5,1.0,0.6666666666666666,1.0,0.0,0.0,24,12,12
test,lstm,0.13,0.5,0.5,0.5,1.0,0.6666666666666666,1.0,0.0,0.0,24,12,12
test,lstm,0.14,0.5,0.5,0.5,1.0,0.6666666666666666,1.0,0.0,0.0,24,12,12
test,lstm,0.15,0.5,0.5,0.5,1.0,0.6666666666666666,1.0,0.0,0.0,24,12,12
test,lstm,0.16,0.5,0.5,0.5,1.0,0.6666666666666666,1.0,0.0,0.0,24,12,12
test,lstm,0.17,0.5,0.5,0.5,1.0,0.6666666666666666,1.0,0.0,0.0,24,12,12
test,lstm,0.18,0.5,0.5,0.5,1.0,0.6666666666666666,1.0,0.0,0.0,24,12,12
test,lstm,0.19,0.5,0.5,0.5,1.0,0.6666666666666666,1.0,0.0,0.0,24,12,12
test,lstm,0.2,0.5,0.5,0.5,1.0,0.6666666666666666,1.0,0.0,0.0,24,12,12
test,lstm,0.21,0.5,0.5,0.5,1.0,0.6666666666666666,1.0,0.0,0.0,24,12,12
test,lstm,0.22,0.5,0.5,0.5,1.0,0.6666666666666666,1.0,0.0,0.0,24,12,12
test,lstm,0.23,0.5,0.5,0.5,1.0,0.6666666666666666,1.0,0.0,0.0,24,12,12
test,lstm,0.24,0.5,0.5,0.5,1.0,0.6666666666666666,1.0,0.0,0.0,24,12,12
test,lstm,0.25,0.5,0.5,0.5,1.0,0.6666666666666666,1.0,0.0,0.0,24,12,12
test,lstm,0.26,0.5,0.5,0.5,1.0,0.6666666666666666,1.0,0.0,0.0,24,12,12
test,lstm,0.27,0.5,0.5,0.5,1.0,0.6666666666666666,1.0,0.0,0.0,24,12,12
test,lstm,0.28,0.5,0.5,0.5,1.0,0.6666666666666666,1.0,0.0,0.0,24,12,12
test,lstm,0.29,0.5,0.5,0.5,1.0,0.6666666666666666,1.0,0.0,0.0,24,12,12
test,lstm,0.3,0.5,0.5,0.5,1.0,0.6666666666666666,1.0,0.0,0.0,24,12,12
test,lstm,0.31,0.5,0.5,0.5,1.0,0.6666666666666666,1.0,0.0,0.0,24,12,12
test,lstm,0.32,0.5,0.5,0.5,1.0,0.6666666666666666,1.0,0.0,0.0,24,12,12
test,lstm,0.33,0.5,0.5,0.5,1.0,0.6666666666666666,1.0,0.0,0.0,24,12,12
test,lstm,0.34,0.5,0.5,0.5,1.0,0.6666666666666666,1.0,0.0,0.0,24,12,12
test,lstm,0.35,0.5,0.5,0.5,1.0,0.6666666666666666,1.0,0.0,0.0,24,12,12
test,lstm,0.36,0.5,0.5,0.5,1.0,0.6666666666666666,1.0,0.0,0.0,24,12,12
test,lstm,0.37,0.5,0.5,0.5,1.0,0.6666666666666666,1.0,0.0,0.0,24,12,12
test,lstm,0.38,0.5,0.5,0.5,1.0,0.6666666666666666,1.0,0.0,0.0,24,12,12
test,lstm,0.39,0.5,0.5,0.5,1.0,0.6666666666666666,1.0,0.0,0.0,24,12,12
test,lstm,0.4,0.5,0.5,0.5,1.0,0.6666666666666666,1.0,0.0,0.0,24,12,12
test,lstm,0.41,0.5,0.5,0.5,1.0,0.6666666666666666,1.0,0.0,0.0,24,12,12
test,lstm,0.42,0.5,0.5,0.5,1.0,0.6666666666666666,1.0,0.0,0.0,24,12,12
test,lstm,0.43,0.5,0.5,0.5,1.0,0.6666666666666666,1.0,0.0,0.0,24,12,12
test,lstm,0.44,0.5,0.5,0.5,1.0,0.6666666666666666,1.0,0.0,0.0,24,12,12
test,lstm,0.45,0.5416666666666666,0.5416666666666666,0.5217391304347826,1.0,0.6857142857142857,0.9166666666666666,0.0,0.08333333333333333,24,12,12
test,lstm,0.46,0.625,0.625,0.6153846153846154,0.6666666666666666,0.64,0.4166666666666667,0.3333333333333333,0.5833333333333334,24,12,12
test,lstm,0.47,0.4583333333333333,0.4583333333333333,0.0,0.0,0.0,0.08333333333333333,1.0,0.9166666666666666,24,12,12
test,lstm,0.48,0.5,0.5,0.0,0.0,0.0,0.0,1.0,1.0,24,12,12
test,lstm,0.49,0.5,0.5,0.0,0.0,0.0,0.0,1.0,1.0,24,12,12
test,lstm,0.5,0.5,0.5,0.0,0.0,0.0,0.0,1.0,1.0,24,12,12
test,lstm,0.51,0.5,0.5,0.0,0.0,0.0,0.0,1.0,1.0,24,12,12
test,lstm,0.52,0.5,0.5,0.0,0.0,0.0,0.0,1.0,1.0,24,12,12
test,lstm,0.53,0.5,0.5,0.0,0.0,0.0,0.0,1.0,1.0,24,12,12
test,lstm,0.54,0.5,0.5,0.0,0.0,0.0,0.0,1.0,1.0,24,12,12
test,lstm,0.55,0.5,0.5,0.0,0.0,0.0,0.0,1.0,1.0,24,12,12
test,lstm,0.56,0.5,0.5,0.0,0.0,0.0,0.0,1.0,1.0,24,12,12
test,lstm,0.57,0.5,0.5,0.0,0.0,0.0,0.0,1.0,1.0,24,12,12
test,lstm,0.58,0.5,0.5,0.0,0.0,0.0,0.0,1.0,1.0,24,12,12
test,lstm,0.59,0.5,0.5,0.0,0.0,0.0,0.0,1.0,1.0,24,12,12
test,lstm,0.6,0.5,0.5,0.0,0.0,0.0,0.0,1.0,1.0,24,12,12
test,lstm,0.61,0.5,0.5,0.0,0.0,0.0,0.0,1.0,1.0,24,12,12
test,lstm,0.62,0.5,0.5,0.0,0.0,0.0,0.0,1.0,1.0,24,12,12
test,lstm,0.63,0.5,0.5,0.0,0.0,0.0,0.0,1.0,1.0,24,12,12
test,lstm,0.64,0.5,0.5,0.0,0.0,0.0,0.0,1.0,1.0,24,12,12
test,lstm,0.65,0.5,0.5,0.0,0.0,0.0,0.0,1.0,1.0,24,12,12
test,lstm,0.66,0.5,0.5,0.0,0.0,0.0,0.0,1.0,1.0,24,12,12
test,lstm,0.67,0.5,0.5,0.0,0.0,0.0,0.0,1.0,1.0,24,12,12
test,lstm,0.68,0.5,0.5,0.0,0.0,0.0,0.0,1.0,1.0,24,12,12
test,lstm,0.69,0.5,0.5,0.0,0.0,0.0,0.0,1.0,1.0,24,12,12
test,lstm,0.7,0.5,0.5,0.0,0.0,0.0,0.0,1.0,1.0,24,12,12
test,lstm,0.71,0.5,0.5,0.0,0.0,0.0,0.0,1.0,1.0,24,12,12
test,lstm,0.72,0.5,0.5,0.0,0.0,0.0,0.0,1.0,1.0,24,12,12
test,lstm,0.73,0.5,0.5,0.0,0.0,0.0,0.0,1.0,1.0,24,12,12
test,lstm,0.74,0.5,0.5,0.0,0.0,0.0,0.0,1.0,1.0,24,12,12
test,lstm,0.75,0.5,0.5,0.0,0.0,0.0,0.0,1.0,1.0,24,12,12
test,lstm,0.76,0.5,0.5,0.0,0.0,0.0,0.0,1.0,1.0,24,12,12
test,lstm,0.77,0.5,0.5,0.0,0.0,0.0,0.0,1.0,1.0,24,12,12
test,lstm,0.78,0.5,0.5,0.0,0.0,0.0,0.0,1.0,1.0,24,12,12
test,lstm,0.79,0.5,0.5,0.0,0.0,0.0,0.0,1.0,1.0,24,12,12
test,lstm,0.8,0.5,0.5,0.0,0.0,0.0,0.0,1.0,1.0,24,12,12
test,lstm,0.81,0.5,0.5,0.0,0.0,0.0,0.0,1.0,1.0,24,12,12
test,lstm,0.82,0.5,0.5,0.0,0.0,0.0,0.0,1.0,1.0,24,12,12
test,lstm,0.83,0.5,0.5,0.0,0.0,0.0,0.0,1.0,1.0,24,12,12
test,lstm,0.84,0.5,0.5,0.0,0.0,0.0,0.0,1.0,1.0,24,12,12
test,lstm,0.85,0.5,0.5,0.0,0.0,0.0,0.0,1.0,1.0,24,12,12
test,lstm,0.86,0.5,0.5,0.0,0.0,0.0,0.0,1.0,1.0,24,12,12
test,lstm,0.87,0.5,0.5,0.0,0.0,0.0,0.0,1.0,1.0,24,12,12
test,lstm,0.88,0.5,0.5,0.0,0.0,0.0,0.0,1.0,1.0,24,12,12
test,lstm,0.89,0.5,0.5,0.0,0.0,0.0,0.0,1.0,1.0,24,12,12
test,lstm,0.9,0.5,0.5,0.0,0.0,0.0,0.0,1.0,1.0,24,12,12
test,lstm,0.91,0.5,0.5,0.0,0.0,0.0,0.0,1.0,1.0,24,12,12
test,lstm,0.92,0.5,0.5,0.0,0.0,0.0,0.0,1.0,1.0,24,12,12
test,lstm,0.93,0.5,0.5,0.0,0.0,0.0,0.0,1.0,1.0,24,12,12
test,lstm,0.94,0.5,0.5,0.0,0.0,0.0,0.0,1.0,1.0,24,12,12
test,lstm,0.95,0.5,0.5,0.0,0.0,0.0,0.0,1.0,1.0,24,12,12
test,random_forest,0.05,0.5,0.5,0.5,1.0,0.6666666666666666,1.0,0.0,0.0,24,12,12
test,random_forest,0.06,0.5,0.5,0.5,1.0,0.6666666666666666,1.0,0.0,0.0,24,12,12
test,random_forest,0.07,0.5,0.5,0.5,1.0,0.6666666666666666,1.0,0.0,0.0,24,12,12
test,random_forest,0.08,0.5,0.5,0.5,1.0,0.6666666666666666,1.0,0.0,0.0,24,12,12
test,random_forest,0.09,0.5,0.5,0.5,1.0,0.6666666666666666,1.0,0.0,0.0,24,12,12
test,random_forest,0.1,0.5,0.5,0.5,1.0,0.6666666666666666,1.0,0.0,0.0,24,12,12
test,random_forest,0.11,0.5,0.5,0.5,1.0,0.6666666666666666,1.0,0.0,0.0,24,12,12
test,random_forest,0.12,0.5,0.5,0.5,1.0,0.6666666666666666,1.0,0.0,0.0,24,12,12
test,random_forest,0.13,0.5,0.5,0.5,1.0,0.6666666666666666,1.0,0.0,0.0,24,12,12
test,random_forest,0.14,0.5,0.5,0.5,1.0,0.6666666666666666,1.0,0.0,0.0,24,12,12
test,random_forest,0.15,0.5,0.5,0.5,1.0,0.6666666666666666,1.0,0.0,0.0,24,12,12
test,random_forest,0.16,0.5,0.5,0.5,1.0,0.6666666666666666,1.0,0.0,0.0,24,12,12
test,random_forest,0.17,0.5,0.5,0.5,1.0,0.6666666666666666,1.0,0.0,0.0,24,12,12
test,random_forest,0.18,0.5,0.5,0.5,1.0,0.6666666666666666,1.0,0.0,0.0,24,12,12
test,random_forest,0.19,0.5,0.5,0.5,1.0,0.6666666666666666,1.0,0.0,0.0,24,12,12
test,random_forest,0.2,0.5,0.5,0.5,1.0,0.6666666666666666,1.0,0.0,0.0,24,12,12
test,random_forest,0.21,0.5,0.5,0.5,1.0,0.6666666666666666,1.0,0.0,0.0,24,12,12
test,random_forest,0.22,0.5,0.5,0.5,1.0,0.6666666666666666,1.0,0.0,0.0,24,12,12
test,random_forest,0.23,0.5,0.5,0.5,1.0,0.6666666666666666,1.0,0.0,0.0,24,12,12
test,random_forest,0.24,0.5,0.5,0.5,1.0,0.6666666666666666,1.0,0.0,0.0,24,12,12
test,random_forest,0.25,0.5,0.5,0.5,1.0,0.6666666666666666,1.0,0.0,0.0,24,12,12
test,random_forest,0.26,0.5,0.5,0.5,1.0,0.6666666666666666,1.0,0.0,0.0,24,12,12
test,random_forest,0.27,0.5,0.5,0.5,1.0,0.6666666666666666,1.0,0.0,0.0,24,12,12
test,random_forest,0.28,0.5,0.5,0.5,1.0,0.6666666666666666,1.0,0.0,0.0,24,12,12
test,random_forest,0.29,0.5,0.5,0.5,1.0,0.6666666666666666,1.0,0.0,0.0,24,12,12
test,random_forest,0.3,0.5,0.5,0.5,1.0,0.6666666666666666,1.0,0.0,0.0,24,12,12
test,random_forest,0.31,0.5,0.5,0.5,1.0,0.6666666666666666,1.0,0.0,0.0,24,12,12
test,random_forest,0.32,0.5,0.5,0.5,1.0,0.6666666666666666,1.0,0.0,0.0,24,12,12
test,random_forest,0.33,0.5,0.5,0.5,1.0,0.6666666666666666,1.0,0.0,0.0,24,12,12
test,random_forest,0.34,0.5416666666666666,0.5416666666666666,0.5217391304347826,1.0,0.6857142857142857,0.9166666666666666,0.0,0.08333333333333333,24,12,12
test,random_forest,0.35,0.5416666666666666,0.5416666666666666,0.5217391304347826,1.0,0.6857142857142857,0.9166666666666666,0.0,0.08333333333333333,24,12,12
test,random_forest,0.36,0.5416666666666666,0.5416666666666666,0.5217391304347826,1.0,0.6857142857142857,0.9166666666666666,0.0,0.08333333333333333,24,12,12
test,random_forest,0.37,0.5833333333333334,0.5833333333333334,0.5454545454545454,1.0,0.7058823529411765,0.8333333333333334,0.0,0.16666666666666666,24,12,12
test,random_forest,0.38,0.5833333333333334,0.5833333333333334,0.5454545454545454,1.0,0.7058823529411765,0.8333333333333334,0.0,0.16666666666666666,24,12,12
test,random_forest,0.39,0.5833333333333334,0.5833333333333334,0.5454545454545454,1.0,0.7058823529411765,0.8333333333333334,0.0,0.16666666666666666,24,12,12
test,random_forest,0.4,0.5833333333333334,0.5833333333333334,0.5454545454545454,1.0,0.7058823529411765,0.8333333333333334,0.0,0.16666666666666666,24,12,12
test,random_forest,0.41,0.5833333333333334,0.5833333333333334,0.5454545454545454,1.0,0.7058823529411765,0.8333333333333334,0.0,0.16666666666666666,24,12,12
test,random_forest,0.42,0.5833333333333334,0.5833333333333334,0.5454545454545454,1.0,0.7058823529411765,0.8333333333333334,0.0,0.16666666666666666,24,12,12
test,random_forest,0.43,0.625,0.625,0.5714285714285714,1.0,0.7272727272727273,0.75,0.0,0.25,24,12,12
test,random_forest,0.44,0.5833333333333334,0.5833333333333333,0.55,0.9166666666666666,0.6875,0.75,0.08333333333333333,0.25,24,12,12
test,random_forest,0.45,0.5833333333333334,0.5833333333333333,0.55,0.9166666666666666,0.6875,0.75,0.08333333333333333,0.25,24,12,12
test,random_forest,0.46,0.5833333333333334,0.5833333333333333,0.55,0.9166666666666666,0.6875,0.75,0.08333333333333333,0.25,24,12,12
test,random_forest,0.47,0.5833333333333334,0.5833333333333333,0.55,0.9166666666666666,0.6875,0.75,0.08333333333333333,0.25,24,12,12
test,random_forest,0.48,0.5833333333333334,0.5833333333333334,0.5555555555555556,0.8333333333333334,0.6666666666666666,0.6666666666666666,0.16666666666666666,0.3333333333333333,24,12,12
test,random_forest,0.49,0.5833333333333334,0.5833333333333334,0.5625,0.75,0.6428571428571429,0.5833333333333334,0.25,0.4166666666666667,24,12,12
test,random_forest,0.5,0.625,0.625,0.6,0.75,0.6666666666666666,0.5,0.25,0.5,24,12,12
test,random_forest,0.51,0.625,0.625,0.6,0.75,0.6666666666666666,0.5,0.25,0.5,24,12,12
test,random_forest,0.52,0.5833333333333334,0.5833333333333333,0.5714285714285714,0.6666666666666666,0.6153846153846154,0.5,0.3333333333333333,0.5,24,12,12
test,random_forest,0.53,0.5833333333333334,0.5833333333333333,0.5714285714285714,0.6666666666666666,0.6153846153846154,0.5,0.3333333333333333,0.5,24,12,12
test,random_forest,0.54,0.5833333333333334,0.5833333333333333,0.5714285714285714,0.6666666666666666,0.6153846153846154,0.5,0.3333333333333333,0.5,24,12,12
test,random_forest,0.55,0.5416666666666666,0.5416666666666667,0.5384615384615384,0.5833333333333334,0.56,0.5,0.4166666666666667,0.5,24,12,12
test,random_forest,0.56,0.5,0.5,0.5,0.5,0.5,0.5,0.5,0.5,24,12,12
test,random_forest,0.57,0.5,0.5,0.5,0.5,0.5,0.5,0.5,0.5,24,12,12
test,random_forest,0.58,0.5,0.5,0.5,0.5,0.5,0.5,0.5,0.5,24,12,12
test,random_forest,0.59,0.4583333333333333,0.45833333333333337,0.45454545454545453,0.4166666666666667,0.43478260869565216,0.5,0.5833333333333334,0.5,24,12,12
test,random_forest,0.6,0.4583333333333333,0.45833333333333337,0.45454545454545453,0.4166666666666667,0.43478260869565216,0.5,0.5833333333333334,0.5,24,12,12
test,random_forest,0.61,0.4583333333333333,0.45833333333333337,0.45454545454545453,0.4166666666666667,0.43478260869565216,0.5,0.5833333333333334,0.5,24,12,12
test,random_forest,0.62,0.4583333333333333,0.45833333333333337,0.45454545454545453,0.4166666666666667,0.43478260869565216,0.5,0.5833333333333334,0.5,24,12,12
test,random_forest,0.63,0.4583333333333333,0.45833333333333337,0.45454545454545453,0.4166666666666667,0.43478260869565216,0.5,0.5833333333333334,0.5,24,12,12
test,random_forest,0.64,0.4166666666666667,0.4166666666666667,0.375,0.25,0.3,0.4166666666666667,0.75,0.5833333333333334,24,12,12
test,random_forest,0.65,0.4583333333333333,0.4583333333333333,0.42857142857142855,0.25,0.3157894736842105,0.3333333333333333,0.75,0.6666666666666666,24,12,12
test,random_forest,0.66,0.4583333333333333,0.4583333333333333,0.42857142857142855,0.25,0.3157894736842105,0.3333333333333333,0.75,0.6666666666666666,24,12,12
test,random_forest,0.67,0.5,0.5,0.5,0.25,0.3333333333333333,0.25,0.75,0.75,24,12,12
test,random_forest,0.68,0.5,0.5,0.5,0.25,0.3333333333333333,0.25,0.75,0.75,24,12,12
test,random_forest,0.69,0.5416666666666666,0.5416666666666667,0.6,0.25,0.35294117647058826,0.16666666666666666,0.75,0.8333333333333334,24,12,12
test,random_forest,0.7,0.5833333333333334,0.5833333333333333,0.75,0.25,0.375,0.08333333333333333,0.75,0.9166666666666666,24,12,12
test,random_forest,0.71,0.5416666666666666,0.5416666666666666,0.6666666666666666,0.16666666666666666,0.26666666666666666,0.08333333333333333,0.8333333333333334,0.9166666666666666,24,12,12
test,random_forest,0.72,0.4583333333333333,0.4583333333333333,0.0,0.0,0.0,0.08333333333333333,1.0,0.9166666666666666,24,12,12
test,random_forest,0.73,0.4583333333333333,0.4583333333333333,0.0,0.0,0.0,0.08333333333333333,1.0,0.9166666666666666,24,12,12
test,random_forest,0.74,0.5,0.5,0.0,0.0,0.0,0.0,1.0,1.0,24,12,12
test,random_forest,0.75,0.5,0.5,0.0,0.0,0.0,0.0,1.0,1.0,24,12,12
test,random_forest,0.76,0.5,0.5,0.0,0.0,0.0,0.0,1.0,1.0,24,12,12
test,random_forest,0.77,0.5,0.5,0.0,0.0,0.0,0.0,1.0,1.0,24,12,12
test,random_forest,0.78,0.5,0.5,0.0,0.0,0.0,0.0,1.0,1.0,24,12,12
test,random_forest,0.79,0.5,0.5,0.0,0.0,0.0,0.0,1.0,1.0,24,12,12
test,random_forest,0.8,0.5,0.5,0.0,0.0,0.0,0.0,1.0,1.0,24,12,12
test,random_forest,0.81,0.5,0.5,0.0,0.0,0.0,0.0,1.0,1.0,24,12,12
test,random_forest,0.82,0.5,0.5,0.0,0.0,0.0,0.0,1.0,1.0,24,12,12
test,random_forest,0.83,0.5,0.5,0.0,0.0,0.0,0.0,1.0,1.0,24,12,12
test,random_forest,0.84,0.5,0.5,0.0,0.0,0.0,0.0,1.0,1.0,24,12,12
test,random_forest,0.85,0.5,0.5,0.0,0.0,0.0,0.0,1.0,1.0,24,12,12
test,random_forest,0.86,0.5,0.5,0.0,0.0,0.0,0.0,1.0,1.0,24,12,12
test,random_forest,0.87,0.5,0.5,0.0,0.0,0.0,0.0,1.0,1.0,24,12,12
test,random_forest,0.88,0.5,0.5,0.0,0.0,0.0,0.0,1.0,1.0,24,12,12
test,random_forest,0.89,0.5,0.5,0.0,0.0,0.0,0.0,1.0,1.0,24,12,12
test,random_forest,0.9,0.5,0.5,0.0,0.0,0.0,0.0,1.0,1.0,24,12,12
test,random_forest,0.91,0.5,0.5,0.0,0.0,0.0,0.0,1.0,1.0,24,12,12
test,random_forest,0.92,0.5,0.5,0.0,0.0,0.0,0.0,1.0,1.0,24,12,12
test,random_forest,0.93,0.5,0.5,0.0,0.0,0.0,0.0,1.0,1.0,24,12,12
test,random_forest,0.94,0.5,0.5,0.0,0.0,0.0,0.0,1.0,1.0,24,12,12
test,random_forest,0.95,0.5,0.5,0.0,0.0,0.0,0.0,1.0,1.0,24,12,12
validation,causal_tcn,0.05,0.5,0.5,0.5,1.0,0.6666666666666666,1.0,0.0,0.0,8,4,4
validation,causal_tcn,0.06,0.5,0.5,0.5,1.0,0.6666666666666666,1.0,0.0,0.0,8,4,4
validation,causal_tcn,0.07,0.5,0.5,0.5,1.0,0.6666666666666666,1.0,0.0,0.0,8,4,4
validation,causal_tcn,0.08,0.5,0.5,0.5,1.0,0.6666666666666666,1.0,0.0,0.0,8,4,4
validation,causal_tcn,0.09,0.5,0.5,0.5,1.0,0.6666666666666666,1.0,0.0,0.0,8,4,4
validation,causal_tcn,0.1,0.5,0.5,0.5,1.0,0.6666666666666666,1.0,0.0,0.0,8,4,4
validation,causal_tcn,0.11,0.5,0.5,0.5,1.0,0.6666666666666666,1.0,0.0,0.0,8,4,4
validation,causal_tcn,0.12,0.5,0.5,0.5,1.0,0.6666666666666666,1.0,0.0,0.0,8,4,4
validation,causal_tcn,0.13,0.5,0.5,0.5,1.0,0.6666666666666666,1.0,0.0,0.0,8,4,4
validation,causal_tcn,0.14,0.5,0.5,0.5,1.0,0.6666666666666666,1.0,0.0,0.0,8,4,4
validation,causal_tcn,0.15,0.5,0.5,0.5,1.0,0.6666666666666666,1.0,0.0,0.0,8,4,4
validation,causal_tcn,0.16,0.5,0.5,0.5,1.0,0.6666666666666666,1.0,0.0,0.0,8,4,4
validation,causal_tcn,0.17,0.5,0.5,0.5,1.0,0.6666666666666666,1.0,0.0,0.0,8,4,4
validation,causal_tcn,0.18,0.5,0.5,0.5,1.0,0.6666666666666666,1.0,0.0,0.0,8,4,4
validation,causal_tcn,0.19,0.5,0.5,0.5,1.0,0.6666666666666666,1.0,0.0,0.0,8,4,4
validation,causal_tcn,0.2,0.5,0.5,0.5,1.0,0.6666666666666666,1.0,0.0,0.0,8,4,4
validation,causal_tcn,0.21,0.5,0.5,0.5,1.0,0.6666666666666666,1.0,0.0,0.0,8,4,4
validation,causal_tcn,0.22,0.5,0.5,0.5,1.0,0.6666666666666666,1.0,0.0,0.0,8,4,4
validation,causal_tcn,0.23,0.5,0.5,0.5,1.0,0.6666666666666666,1.0,0.0,0.0,8,4,4
validation,causal_tcn,0.24,0.5,0.5,0.5,1.0,0.6666666666666666,1.0,0.0,0.0,8,4,4
validation,causal_tcn,0.25,0.5,0.5,0.5,1.0,0.6666666666666666,1.0,0.0,0.0,8,4,4
validation,causal_tcn,0.26,0.5,0.5,0.5,1.0,0.6666666666666666,1.0,0.0,0.0,8,4,4
validation,causal_tcn,0.27,0.5,0.5,0.5,1.0,0.6666666666666666,1.0,0.0,0.0,8,4,4
validation,causal_tcn,0.28,0.5,0.5,0.5,1.0,0.6666666666666666,1.0,0.0,0.0,8,4,4
validation,causal_tcn,0.29,0.5,0.5,0.5,1.0,0.6666666666666666,1.0,0.0,0.0,8,4,4
validation,causal_tcn,0.3,0.5,0.5,0.5,1.0,0.6666666666666666,1.0,0.0,0.0,8,4,4
validation,causal_tcn,0.31,0.5,0.5,0.5,1.0,0.6666666666666666,1.0,0.0,0.0,8,4,4
validation,causal_tcn,0.32,0.5,0.5,0.5,1.0,0.6666666666666666,1.0,0.0,0.0,8,4,4
validation,causal_tcn,0.33,0.5,0.5,0.5,1.0,0.6666666666666666,1.0,0.0,0.0,8,4,4
validation,causal_tcn,0.34,0.5,0.5,0.5,1.0,0.6666666666666666,1.0,0.0,0.0,8,4,4
validation,causal_tcn,0.35,0.5,0.5,0.5,1.0,0.6666666666666666,1.0,0.0,0.0,8,4,4
validation,causal_tcn,0.36,0.5,0.5,0.5,1.0,0.6666666666666666,1.0,0.0,0.0,8,4,4
validation,causal_tcn,0.37,0.5,0.5,0.5,1.0,0.6666666666666666,1.0,0.0,0.0,8,4,4
validation,causal_tcn,0.38,0.5,0.5,0.5,1.0,0.6666666666666666,1.0,0.0,0.0,8,4,4
validation,causal_tcn,0.39,0.5,0.5,0.5,1.0,0.6666666666666666,1.0,0.0,0.0,8,4,4
validation,causal_tcn,0.4,0.5,0.5,0.5,1.0,0.6666666666666666,1.0,0.0,0.0,8,4,4
validation,causal_tcn,0.41,0.5,0.5,0.5,1.0,0.6666666666666666,1.0,0.0,0.0,8,4,4
validation,causal_tcn,0.42,0.5,0.5,0.5,1.0,0.6666666666666666,1.0,0.0,0.0,8,4,4
validation,causal_tcn,0.43,0.5,0.5,0.5,1.0,0.6666666666666666,1.0,0.0,0.0,8,4,4
validation,causal_tcn,0.44,0.5,0.5,0.5,1.0,0.6666666666666666,1.0,0.0,0.0,8,4,4
validation,causal_tcn,0.45,0.5,0.5,0.5,1.0,0.6666666666666666,1.0,0.0,0.0,8,4,4
validation,causal_tcn,0.46,0.5,0.5,0.5,1.0,0.6666666666666666,1.0,0.0,0.0,8,4,4
validation,causal_tcn,0.47,0.5,0.5,0.5,0.75,0.6,0.75,0.25,0.25,8,4,4
validation,causal_tcn,0.48,0.375,0.375,0.4,0.5,0.4444444444444444,0.75,0.5,0.25,8,4,4
validation,causal_tcn,0.49,0.375,0.375,0.0,0.0,0.0,0.25,1.0,0.75,8,4,4
validation,causal_tcn,0.5,0.5,0.5,0.0,0.0,0.0,0.0,1.0,1.0,8,4,4
validation,causal_tcn,0.51,0.5,0.5,0.0,0.0,0.0,0.0,1.0,1.0,8,4,4
validation,causal_tcn,0.52,0.5,0.5,0.0,0.0,0.0,0.0,1.0,1.0,8,4,4
validation,causal_tcn,0.53,0.5,0.5,0.0,0.0,0.0,0.0,1.0,1.0,8,4,4
validation,causal_tcn,0.54,0.5,0.5,0.0,0.0,0.0,0.0,1.0,1.0,8,4,4
validation,causal_tcn,0.55,0.5,0.5,0.0,0.0,0.0,0.0,1.0,1.0,8,4,4
validation,causal_tcn,0.56,0.5,0.5,0.0,0.0,0.0,0.0,1.0,1.0,8,4,4
validation,causal_tcn,0.57,0.5,0.5,0.0,0.0,0.0,0.0,1.0,1.0,8,4,4
validation,causal_tcn,0.58,0.5,0.5,0.0,0.0,0.0,0.0,1.0,1.0,8,4,4
validation,causal_tcn,0.59,0.5,0.5,0.0,0.0,0.0,0.0,1.0,1.0,8,4,4
validation,causal_tcn,0.6,0.5,0.5,0.0,0.0,0.0,0.0,1.0,1.0,8,4,4
validation,causal_tcn,0.61,0.5,0.5,0.0,0.0,0.0,0.0,1.0,1.0,8,4,4
validation,causal_tcn,0.62,0.5,0.5,0.0,0.0,0.0,0.0,1.0,1.0,8,4,4
validation,causal_tcn,0.63,0.5,0.5,0.0,0.0,0.0,0.0,1.0,1.0,8,4,4
validation,causal_tcn,0.64,0.5,0.5,0.0,0.0,0.0,0.0,1.0,1.0,8,4,4
validation,causal_tcn,0.65,0.5,0.5,0.0,0.0,0.0,0.0,1.0,1.0,8,4,4
validation,causal_tcn,0.66,0.5,0.5,0.0,0.0,0.0,0.0,1.0,1.0,8,4,4
validation,causal_tcn,0.67,0.5,0.5,0.0,0.0,0.0,0.0,1.0,1.0,8,4,4
validation,causal_tcn,0.68,0.5,0.5,0.0,0.0,0.0,0.0,1.0,1.0,8,4,4
validation,causal_tcn,0.69,0.5,0.5,0.0,0.0,0.0,0.0,1.0,1.0,8,4,4
validation,causal_tcn,0.7,0.5,0.5,0.0,0.0,0.0,0.0,1.0,1.0,8,4,4
validation,causal_tcn,0.71,0.5,0.5,0.0,0.0,0.0,0.0,1.0,1.0,8,4,4
validation,causal_tcn,0.72,0.5,0.5,0.0,0.0,0.0,0.0,1.0,1.0,8,4,4
validation,causal_tcn,0.73,0.5,0.5,0.0,0.0,0.0,0.0,1.0,1.0,8,4,4
validation,causal_tcn,0.74,0.5,0.5,0.0,0.0,0.0,0.0,1.0,1.0,8,4,4
validation,causal_tcn,0.75,0.5,0.5,0.0,0.0,0.0,0.0,1.0,1.0,8,4,4
validation,causal_tcn,0.76,0.5,0.5,0.0,0.0,0.0,0.0,1.0,1.0,8,4,4
validation,causal_tcn,0.77,0.5,0.5,0.0,0.0,0.0,0.0,1.0,1.0,8,4,4
validation,causal_tcn,0.78,0.5,0.5,0.0,0.0,0.0,0.0,1.0,1.0,8,4,4
validation,causal_tcn,0.79,0.5,0.5,0.0,0.0,0.0,0.0,1.0,1.0,8,4,4
validation,causal_tcn,0.8,0.5,0.5,0.0,0.0,0.0,0.0,1.0,1.0,8,4,4
validation,causal_tcn,0.81,0.5,0.5,0.0,0.0,0.0,0.0,1.0,1.0,8,4,4
validation,causal_tcn,0.82,0.5,0.5,0.0,0.0,0.0,0.0,1.0,1.0,8,4,4
validation,causal_tcn,0.83,0.5,0.5,0.0,0.0,0.0,0.0,1.0,1.0,8,4,4
validation,causal_tcn,0.84,0.5,0.5,0.0,0.0,0.0,0.0,1.0,1.0,8,4,4
validation,causal_tcn,0.85,0.5,0.5,0.0,0.0,0.0,0.0,1.0,1.0,8,4,4
validation,causal_tcn,0.86,0.5,0.5,0.0,0.0,0.0,0.0,1.0,1.0,8,4,4
validation,causal_tcn,0.87,0.5,0.5,0.0,0.0,0.0,0.0,1.0,1.0,8,4,4
validation,causal_tcn,0.88,0.5,0.5,0.0,0.0,0.0,0.0,1.0,1.0,8,4,4
validation,causal_tcn,0.89,0.5,0.5,0.0,0.0,0.0,0.0,1.0,1.0,8,4,4
validation,causal_tcn,0.9,0.5,0.5,0.0,0.0,0.0,0.0,1.0,1.0,8,4,4
validation,causal_tcn,0.91,0.5,0.5,0.0,0.0,0.0,0.0,1.0,1.0,8,4,4
validation,causal_tcn,0.92,0.5,0.5,0.0,0.0,0.0,0.0,1.0,1.0,8,4,4
validation,causal_tcn,0.93,0.5,0.5,0.0,0.0,0.0,0.0,1.0,1.0,8,4,4
validation,causal_tcn,0.94,0.5,0.5,0.0,0.0,0.0,0.0,1.0,1.0,8,4,4
validation,causal_tcn,0.95,0.5,0.5,0.0,0.0,0.0,0.0,1.0,1.0,8,4,4
validation,gru,0.05,0.5,0.5,0.5,1.0,0.6666666666666666,1.0,0.0,0.0,8,4,4
validation,gru,0.06,0.5,0.5,0.5,1.0,0.6666666666666666,1.0,0.0,0.0,8,4,4
validation,gru,0.07,0.5,0.5,0.5,1.0,0.6666666666666666,1.0,0.0,0.0,8,4,4
validation,gru,0.08,0.5,0.5,0.5,1.0,0.6666666666666666,1.0,0.0,0.0,8,4,4
validation,gru,0.09,0.5,0.5,0.5,1.0,0.6666666666666666,1.0,0.0,0.0,8,4,4
validation,gru,0.1,0.5,0.5,0.5,1.0,0.6666666666666666,1.0,0.0,0.0,8,4,4
validation,gru,0.11,0.5,0.5,0.5,1.0,0.6666666666666666,1.0,0.0,0.0,8,4,4
validation,gru,0.12,0.5,0.5,0.5,1.0,0.6666666666666666,1.0,0.0,0.0,8,4,4
validation,gru,0.13,0.5,0.5,0.5,1.0,0.6666666666666666,1.0,0.0,0.0,8,4,4
validation,gru,0.14,0.5,0.5,0.5,1.0,0.6666666666666666,1.0,0.0,0.0,8,4,4
validation,gru,0.15,0.5,0.5,0.5,1.0,0.6666666666666666,1.0,0.0,0.0,8,4,4
validation,gru,0.16,0.5,0.5,0.5,1.0,0.6666666666666666,1.0,0.0,0.0,8,4,4
validation,gru,0.17,0.5,0.5,0.5,1.0,0.6666666666666666,1.0,0.0,0.0,8,4,4
validation,gru,0.18,0.5,0.5,0.5,1.0,0.6666666666666666,1.0,0.0,0.0,8,4,4
validation,gru,0.19,0.5,0.5,0.5,1.0,0.6666666666666666,1.0,0.0,0.0,8,4,4
validation,gru,0.2,0.5,0.5,0.5,1.0,0.6666666666666666,1.0,0.0,0.0,8,4,4
validation,gru,0.21,0.5,0.5,0.5,1.0,0.6666666666666666,1.0,0.0,0.0,8,4,4
validation,gru,0.22,0.5,0.5,0.5,1.0,0.6666666666666666,1.0,0.0,0.0,8,4,4
validation,gru,0.23,0.5,0.5,0.5,1.0,0.6666666666666666,1.0,0.0,0.0,8,4,4
validation,gru,0.24,0.5,0.5,0.5,1.0,0.6666666666666666,1.0,0.0,0.0,8,4,4
validation,gru,0.25,0.5,0.5,0.5,1.0,0.6666666666666666,1.0,0.0,0.0,8,4,4
validation,gru,0.26,0.5,0.5,0.5,1.0,0.6666666666666666,1.0,0.0,0.0,8,4,4
validation,gru,0.27,0.5,0.5,0.5,1.0,0.6666666666666666,1.0,0.0,0.0,8,4,4
validation,gru,0.28,0.5,0.5,0.5,1.0,0.6666666666666666,1.0,0.0,0.0,8,4,4
validation,gru,0.29,0.5,0.5,0.5,1.0,0.6666666666666666,1.0,0.0,0.0,8,4,4
validation,gru,0.3,0.5,0.5,0.5,1.0,0.6666666666666666,1.0,0.0,0.0,8,4,4
validation,gru,0.31,0.5,0.5,0.5,1.0,0.6666666666666666,1.0,0.0,0.0,8,4,4
validation,gru,0.32,0.5,0.5,0.5,1.0,0.6666666666666666,1.0,0.0,0.0,8,4,4
validation,gru,0.33,0.5,0.5,0.5,1.0,0.6666666666666666,1.0,0.0,0.0,8,4,4
validation,gru,0.34,0.5,0.5,0.5,1.0,0.6666666666666666,1.0,0.0,0.0,8,4,4
validation,gru,0.35,0.5,0.5,0.5,1.0,0.6666666666666666,1.0,0.0,0.0,8,4,4
validation,gru,0.36,0.5,0.5,0.5,1.0,0.6666666666666666,1.0,0.0,0.0,8,4,4
validation,gru,0.37,0.5,0.5,0.5,1.0,0.6666666666666666,1.0,0.0,0.0,8,4,4
validation,gru,0.38,0.5,0.5,0.5,1.0,0.6666666666666666,1.0,0.0,0.0,8,4,4
validation,gru,0.39,0.5,0.5,0.5,1.0,0.6666666666666666,1.0,0.0,0.0,8,4,4
validation,gru,0.4,0.5,0.5,0.5,1.0,0.6666666666666666,1.0,0.0,0.0,8,4,4
validation,gru,0.41,0.5,0.5,0.5,1.0,0.6666666666666666,1.0,0.0,0.0,8,4,4
validation,gru,0.42,0.5,0.5,0.5,1.0,0.6666666666666666,1.0,0.0,0.0,8,4,4
validation,gru,0.43,0.5,0.5,0.5,1.0,0.6666666666666666,1.0,0.0,0.0,8,4,4
validation,gru,0.44,0.5,0.5,0.5,1.0,0.6666666666666666,1.0,0.0,0.0,8,4,4
validation,gru,0.45,0.5,0.5,0.5,1.0,0.6666666666666666,1.0,0.0,0.0,8,4,4
validation,gru,0.46,0.5,0.5,0.5,1.0,0.6666666666666666,1.0,0.0,0.0,8,4,4
validation,gru,0.47,0.5,0.5,0.5,1.0,0.6666666666666666,1.0,0.0,0.0,8,4,4
validation,gru,0.48,0.5,0.5,0.5,1.0,0.6666666666666666,1.0,0.0,0.0,8,4,4
validation,gru,0.49,0.5,0.5,0.5,1.0,0.6666666666666666,1.0,0.0,0.0,8,4,4
validation,gru,0.5,0.625,0.625,0.5714285714285714,1.0,0.7272727272727273,0.75,0.0,0.25,8,4,4
validation,gru,0.51,0.5,0.5,0.5,0.75,0.6,0.75,0.25,0.25,8,4,4
validation,gru,0.52,0.75,0.75,0.75,0.75,0.75,0.25,0.25,0.75,8,4,4
validation,gru,0.53,0.375,0.375,0.0,0.0,0.0,0.25,1.0,0.75,8,4,4
validation,gru,0.54,0.5,0.5,0.0,0.0,0.0,0.0,1.0,1.0,8,4,4
validation,gru,0.55,0.5,0.5,0.0,0.0,0.0,0.0,1.0,1.0,8,4,4
validation,gru,0.56,0.5,0.5,0.0,0.0,0.0,0.0,1.0,1.0,8,4,4
validation,gru,0.57,0.5,0.5,0.0,0.0,0.0,0.0,1.0,1.0,8,4,4
validation,gru,0.58,0.5,0.5,0.0,0.0,0.0,0.0,1.0,1.0,8,4,4
validation,gru,0.59,0.5,0.5,0.0,0.0,0.0,0.0,1.0,1.0,8,4,4
validation,gru,0.6,0.5,0.5,0.0,0.0,0.0,0.0,1.0,1.0,8,4,4
validation,gru,0.61,0.5,0.5,0.0,0.0,0.0,0.0,1.0,1.0,8,4,4
validation,gru,0.62,0.5,0.5,0.0,0.0,0.0,0.0,1.0,1.0,8,4,4
validation,gru,0.63,0.5,0.5,0.0,0.0,0.0,0.0,1.0,1.0,8,4,4
validation,gru,0.64,0.5,0.5,0.0,0.0,0.0,0.0,1.0,1.0,8,4,4
validation,gru,0.65,0.5,0.5,0.0,0.0,0.0,0.0,1.0,1.0,8,4,4
validation,gru,0.66,0.5,0.5,0.0,0.0,0.0,0.0,1.0,1.0,8,4,4
validation,gru,0.67,0.5,0.5,0.0,0.0,0.0,0.0,1.0,1.0,8,4,4
validation,gru,0.68,0.5,0.5,0.0,0.0,0.0,0.0,1.0,1.0,8,4,4
validation,gru,0.69,0.5,0.5,0.0,0.0,0.0,0.0,1.0,1.0,8,4,4
validation,gru,0.7,0.5,0.5,0.0,0.0,0.0,0.0,1.0,1.0,8,4,4
validation,gru,0.71,0.5,0.5,0.0,0.0,0.0,0.0,1.0,1.0,8,4,4
validation,gru,0.72,0.5,0.5,0.0,0.0,0.0,0.0,1.0,1.0,8,4,4
validation,gru,0.73,0.5,0.5,0.0,0.0,0.0,0.0,1.0,1.0,8,4,4
validation,gru,0.74,0.5,0.5,0.0,0.0,0.0,0.0,1.0,1.0,8,4,4
validation,gru,0.75,0.5,0.5,0.0,0.0,0.0,0.0,1.0,1.0,8,4,4
validation,gru,0.76,0.5,0.5,0.0,0.0,0.0,0.0,1.0,1.0,8,4,4
validation,gru,0.77,0.5,0.5,0.0,0.0,0.0,0.0,1.0,1.0,8,4,4
validation,gru,0.78,0.5,0.5,0.0,0.0,0.0,0.0,1.0,1.0,8,4,4
validation,gru,0.79,0.5,0.5,0.0,0.0,0.0,0.0,1.0,1.0,8,4,4
validation,gru,0.8,0.5,0.5,0.0,0.0,0.0,0.0,1.0,1.0,8,4,4
validation,gru,0.81,0.5,0.5,0.0,0.0,0.0,0.0,1.0,1.0,8,4,4
validation,gru,0.82,0.5,0.5,0.0,0.0,0.0,0.0,1.0,1.0,8,4,4
validation,gru,0.83,0.5,0.5,0.0,0.0,0.0,0.0,1.0,1.0,8,4,4
validation,gru,0.84,0.5,0.5,0.0,0.0,0.0,0.0,1.0,1.0,8,4,4
validation,gru,0.85,0.5,0.5,0.0,0.0,0.0,0.0,1.0,1.0,8,4,4
validation,gru,0.86,0.5,0.5,0.0,0.0,0.0,0.0,1.0,1.0,8,4,4
validation,gru,0.87,0.5,0.5,0.0,0.0,0.0,0.0,1.0,1.0,8,4,4
validation,gru,0.88,0.5,0.5,0.0,0.0,0.0,0.0,1.0,1.0,8,4,4
validation,gru,0.89,0.5,0.5,0.0,0.0,0.0,0.0,1.0,1.0,8,4,4
validation,gru,0.9,0.5,0.5,0.0,0.0,0.0,0.0,1.0,1.0,8,4,4
validation,gru,0.91,0.5,0.5,0.0,0.0,0.0,0.0,1.0,1.0,8,4,4
validation,gru,0.92,0.5,0.5,0.0,0.0,0.0,0.0,1.0,1.0,8,4,4
validation,gru,0.93,0.5,0.5,0.0,0.0,0.0,0.0,1.0,1.0,8,4,4
validation,gru,0.94,0.5,0.5,0.0,0.0,0.0,0.0,1.0,1.0,8,4,4
validation,gru,0.95,0.5,0.5,0.0,0.0,0.0,0.0,1.0,1.0,8,4,4
validation,logistic_regression,0.05,0.5,0.5,0.5,1.0,0.6666666666666666,1.0,0.0,0.0,8,4,4
validation,logistic_regression,0.06,0.5,0.5,0.5,1.0,0.6666666666666666,1.0,0.0,0.0,8,4,4
validation,logistic_regression,0.07,0.5,0.5,0.5,1.0,0.6666666666666666,1.0,0.0,0.0,8,4,4
validation,logistic_regression,0.08,0.5,0.5,0.5,1.0,0.6666666666666666,1.0,0.0,0.0,8,4,4
validation,logistic_regression,0.09,0.5,0.5,0.5,1.0,0.6666666666666666,1.0,0.0,0.0,8,4,4
validation,logistic_regression,0.1,0.5,0.5,0.5,1.0,0.6666666666666666,1.0,0.0,0.0,8,4,4
validation,logistic_regression,0.11,0.5,0.5,0.5,1.0,0.6666666666666666,1.0,0.0,0.0,8,4,4
validation,logistic_regression,0.12,0.5,0.5,0.5,1.0,0.6666666666666666,1.0,0.0,0.0,8,4,4
validation,logistic_regression,0.13,0.5,0.5,0.5,1.0,0.6666666666666666,1.0,0.0,0.0,8,4,4
validation,logistic_regression,0.14,0.5,0.5,0.5,1.0,0.6666666666666666,1.0,0.0,0.0,8,4,4
validation,logistic_regression,0.15,0.5,0.5,0.5,1.0,0.6666666666666666,1.0,0.0,0.0,8,4,4
validation,logistic_regression,0.16,0.5,0.5,0.5,1.0,0.6666666666666666,1.0,0.0,0.0,8,4,4
validation,logistic_regression,0.17,0.5,0.5,0.5,1.0,0.6666666666666666,1.0,0.0,0.0,8,4,4
validation,logistic_regression,0.18,0.5,0.5,0.5,1.0,0.6666666666666666,1.0,0.0,0.0,8,4,4
validation,logistic_regression,0.19,0.5,0.5,0.5,1.0,0.6666666666666666,1.0,0.0,0.0,8,4,4
validation,logistic_regression,0.2,0.375,0.375,0.42857142857142855,0.75,0.5454545454545454,1.0,0.25,0.0,8,4,4
validation,logistic_regression,0.21,0.375,0.375,0.42857142857142855,0.75,0.5454545454545454,1.0,0.25,0.0,8,4,4
validation,logistic_regression,0.22,0.375,0.375,0.42857142857142855,0.75,0.5454545454545454,1.0,0.25,0.0,8,4,4
validation,logistic_regression,0.23,0.375,0.375,0.42857142857142855,0.75,0.5454545454545454,1.0,0.25,0.0,8,4,4
validation,logistic_regression,0.24,0.375,0.375,0.42857142857142855,0.75,0.5454545454545454,1.0,0.25,0.0,8,4,4
validation,logistic_regression,0.25,0.375,0.375,0.42857142857142855,0.75,0.5454545454545454,1.0,0.25,0.0,8,4,4
validation,logistic_regression,0.26,0.375,0.375,0.42857142857142855,0.75,0.5454545454545454,1.0,0.25,0.0,8,4,4
validation,logistic_regression,0.27,0.375,0.375,0.42857142857142855,0.75,0.5454545454545454,1.0,0.25,0.0,8,4,4
validation,logistic_regression,0.28,0.375,0.375,0.42857142857142855,0.75,0.5454545454545454,1.0,0.25,0.0,8,4,4
validation,logistic_regression,0.29,0.375,0.375,0.42857142857142855,0.75,0.5454545454545454,1.0,0.25,0.0,8,4,4
validation,logistic_regression,0.3,0.25,0.25,0.3333333333333333,0.5,0.4,1.0,0.5,0.0,8,4,4
validation,logistic_regression,0.31,0.25,0.25,0.3333333333333333,0.5,0.4,1.0,0.5,0.0,8,4,4
validation,logistic_regression,0.32,0.25,0.25,0.3333333333333333,0.5,0.4,1.0,0.5,0.0,8,4,4
validation,logistic_regression,0.33,0.25,0.25,0.3333333333333333,0.5,0.4,1.0,0.5,0.0,8,4,4
validation,logistic_regression,0.34,0.25,0.25,0.3333333333333333,0.5,0.4,1.0,0.5,0.0,8,4,4
validation,logistic_regression,0.35,0.25,0.25,0.3333333333333333,0.5,0.4,1.0,0.5,0.0,8,4,4
validation,logistic_regression,0.36,0.25,0.25,0.3333333333333333,0.5,0.4,1.0,0.5,0.0,8,4,4
validation,logistic_regression,0.37,0.25,0.25,0.3333333333333333,0.5,0.4,1.0,0.5,0.0,8,4,4
validation,logistic_regression,0.38,0.25,0.25,0.3333333333333333,0.5,0.4,1.0,0.5,0.0,8,4,4
validation,logistic_regression,0.39,0.25,0.25,0.3333333333333333,0.5,0.4,1.0,0.5,0.0,8,4,4
validation,logistic_regression,0.4,0.125,0.125,0.2,0.25,0.2222222222222222,1.0,0.75,0.0,8,4,4
validation,logistic_regression,0.41,0.125,0.125,0.2,0.25,0.2222222222222222,1.0,0.75,0.0,8,4,4
validation,logistic_regression,0.42,0.125,0.125,0.2,0.25,0.2222222222222222,1.0,0.75,0.0,8,4,4
validation,logistic_regression,0.43,0.125,0.125,0.2,0.25,0.2222222222222222,1.0,0.75,0.0,8,4,4
validation,logistic_regression,0.44,0.125,0.125,0.2,0.25,0.2222222222222222,1.0,0.75,0.0,8,4,4
validation,logistic_regression,0.45,0.125,0.125,0.2,0.25,0.2222222222222222,1.0,0.75,0.0,8,4,4
validation,logistic_regression,0.46,0.125,0.125,0.2,0.25,0.2222222222222222,1.0,0.75,0.0,8,4,4
validation,logistic_regression,0.47,0.125,0.125,0.2,0.25,0.2222222222222222,1.0,0.75,0.0,8,4,4
validation,logistic_regression,0.48,0.125,0.125,0.2,0.25,0.2222222222222222,1.0,0.75,0.0,8,4,4
validation,logistic_regression,0.49,0.125,0.125,0.2,0.25,0.2222222222222222,1.0,0.75,0.0,8,4,4
validation,logistic_regression,0.5,0.125,0.125,0.2,0.25,0.2222222222222222,1.0,0.75,0.0,8,4,4
validation,logistic_regression,0.51,0.125,0.125,0.2,0.25,0.2222222222222222,1.0,0.75,0.0,8,4,4
validation,logistic_regression,0.52,0.125,0.125,0.2,0.25,0.2222222222222222,1.0,0.75,0.0,8,4,4
validation,logistic_regression,0.53,0.125,0.125,0.2,0.25,0.2222222222222222,1.0,0.75,0.0,8,4,4
validation,logistic_regression,0.54,0.125,0.125,0.2,0.25,0.2222222222222222,1.0,0.75,0.0,8,4,4
validation,logistic_regression,0.55,0.125,0.125,0.2,0.25,0.2222222222222222,1.0,0.75,0.0,8,4,4
validation,logistic_regression,0.56,0.125,0.125,0.2,0.25,0.2222222222222222,1.0,0.75,0.0,8,4,4
validation,logistic_regression,0.57,0.125,0.125,0.2,0.25,0.2222222222222222,1.0,0.75,0.0,8,4,4
validation,logistic_regression,0.58,0.125,0.125,0.2,0.25,0.2222222222222222,1.0,0.75,0.0,8,4,4
validation,logistic_regression,0.59,0.125,0.125,0.2,0.25,0.2222222222222222,1.0,0.75,0.0,8,4,4
validation,logistic_regression,0.6,0.125,0.125,0.2,0.25,0.2222222222222222,1.0,0.75,0.0,8,4,4
validation,logistic_regression,0.61,0.125,0.125,0.2,0.25,0.2222222222222222,1.0,0.75,0.0,8,4,4
validation,logistic_regression,0.62,0.125,0.125,0.2,0.25,0.2222222222222222,1.0,0.75,0.0,8,4,4
validation,logistic_regression,0.63,0.125,0.125,0.2,0.25,0.2222222222222222,1.0,0.75,0.0,8,4,4
validation,logistic_regression,0.64,0.125,0.125,0.2,0.25,0.2222222222222222,1.0,0.75,0.0,8,4,4
validation,logistic_regression,0.65,0.125,0.125,0.2,0.25,0.2222222222222222,1.0,0.75,0.0,8,4,4
validation,logistic_regression,0.66,0.25,0.25,0.25,0.25,0.25,0.75,0.75,0.25,8,4,4
validation,logistic_regression,0.67,0.25,0.25,0.25,0.25,0.25,0.75,0.75,0.25,8,4,4
validation,logistic_regression,0.68,0.25,0.25,0.25,0.25,0.25,0.75,0.75,0.25,8,4,4
validation,logistic_regression,0.69,0.25,0.25,0.25,0.25,0.25,0.75,0.75,0.25,8,4,4
validation,logistic_regression,0.7,0.25,0.25,0.25,0.25,0.25,0.75,0.75,0.25,8,4,4
validation,logistic_regression,0.71,0.25,0.25,0.25,0.25,0.25,0.75,0.75,0.25,8,4,4
validation,logistic_regression,0.72,0.25,0.25,0.25,0.25,0.25,0.75,0.75,0.25,8,4,4
validation,logistic_regression,0.73,0.25,0.25,0.25,0.25,0.25,0.75,0.75,0.25,8,4,4
validation,logistic_regression,0.74,0.25,0.25,0.25,0.25,0.25,0.75,0.75,0.25,8,4,4
validation,logistic_regression,0.75,0.25,0.25,0.25,0.25,0.25,0.75,0.75,0.25,8,4,4
validation,logistic_regression,0.76,0.25,0.25,0.25,0.25,0.25,0.75,0.75,0.25,8,4,4
validation,logistic_regression,0.77,0.25,0.25,0.25,0.25,0.25,0.75,0.75,0.25,8,4,4
validation,logistic_regression,0.78,0.375,0.375,0.3333333333333333,0.25,0.2857142857142857,0.5,0.75,0.5,8,4,4
validation,logistic_regression,0.79,0.375,0.375,0.3333333333333333,0.25,0.2857142857142857,0.5,0.75,0.5,8,4,4
validation,logistic_regression,0.8,0.375,0.375,0.3333333333333333,0.25,0.2857142857142857,0.5,0.75,0.5,8,4,4
validation,logistic_regression,0.81,0.375,0.375,0.3333333333333333,0.25,0.2857142857142857,0.5,0.75,0.5,8,4,4
validation,logistic_regression,0.82,0.375,0.375,0.3333333333333333,0.25,0.2857142857142857,0.5,0.75,0.5,8,4,4
validation,logistic_regression,0.83,0.375,0.375,0.3333333333333333,0.25,0.2857142857142857,0.5,0.75,0.5,8,4,4
validation,logistic_regression,0.84,0.25,0.25,0.0,0.0,0.0,0.5,1.0,0.5,8,4,4
validation,logistic_regression,0.85,0.25,0.25,0.0,0.0,0.0,0.5,1.0,0.5,8,4,4
validation,logistic_regression,0.86,0.25,0.25,0.0,0.0,0.0,0.5,1.0,0.5,8,4,4
validation,logistic_regression,0.87,0.25,0.25,0.0,0.0,0.0,0.5,1.0,0.5,8,4,4
validation,logistic_regression,0.88,0.25,0.25,0.0,0.0,0.0,0.5,1.0,0.5,8,4,4
validation,logistic_regression,0.89,0.25,0.25,0.0,0.0,0.0,0.5,1.0,0.5,8,4,4
validation,logistic_regression,0.9,0.375,0.375,0.0,0.0,0.0,0.25,1.0,0.75,8,4,4
validation,logistic_regression,0.91,0.375,0.375,0.0,0.0,0.0,0.25,1.0,0.75,8,4,4
validation,logistic_regression,0.92,0.375,0.375,0.0,0.0,0.0,0.25,1.0,0.75,8,4,4
validation,logistic_regression,0.93,0.375,0.375,0.0,0.0,0.0,0.25,1.0,0.75,8,4,4
validation,logistic_regression,0.94,0.375,0.375,0.0,0.0,0.0,0.25,1.0,0.75,8,4,4
validation,logistic_regression,0.95,0.375,0.375,0.0,0.0,0.0,0.25,1.0,0.75,8,4,4
validation,lstm,0.05,0.5,0.5,0.5,1.0,0.6666666666666666,1.0,0.0,0.0,8,4,4
validation,lstm,0.06,0.5,0.5,0.5,1.0,0.6666666666666666,1.0,0.0,0.0,8,4,4
validation,lstm,0.07,0.5,0.5,0.5,1.0,0.6666666666666666,1.0,0.0,0.0,8,4,4
validation,lstm,0.08,0.5,0.5,0.5,1.0,0.6666666666666666,1.0,0.0,0.0,8,4,4
validation,lstm,0.09,0.5,0.5,0.5,1.0,0.6666666666666666,1.0,0.0,0.0,8,4,4
validation,lstm,0.1,0.5,0.5,0.5,1.0,0.6666666666666666,1.0,0.0,0.0,8,4,4
validation,lstm,0.11,0.5,0.5,0.5,1.0,0.6666666666666666,1.0,0.0,0.0,8,4,4
validation,lstm,0.12,0.5,0.5,0.5,1.0,0.6666666666666666,1.0,0.0,0.0,8,4,4
validation,lstm,0.13,0.5,0.5,0.5,1.0,0.6666666666666666,1.0,0.0,0.0,8,4,4
validation,lstm,0.14,0.5,0.5,0.5,1.0,0.6666666666666666,1.0,0.0,0.0,8,4,4
validation,lstm,0.15,0.5,0.5,0.5,1.0,0.6666666666666666,1.0,0.0,0.0,8,4,4
validation,lstm,0.16,0.5,0.5,0.5,1.0,0.6666666666666666,1.0,0.0,0.0,8,4,4
validation,lstm,0.17,0.5,0.5,0.5,1.0,0.6666666666666666,1.0,0.0,0.0,8,4,4
validation,lstm,0.18,0.5,0.5,0.5,1.0,0.6666666666666666,1.0,0.0,0.0,8,4,4
validation,lstm,0.19,0.5,0.5,0.5,1.0,0.6666666666666666,1.0,0.0,0.0,8,4,4
validation,lstm,0.2,0.5,0.5,0.5,1.0,0.6666666666666666,1.0,0.0,0.0,8,4,4
validation,lstm,0.21,0.5,0.5,0.5,1.0,0.6666666666666666,1.0,0.0,0.0,8,4,4
validation,lstm,0.22,0.5,0.5,0.5,1.0,0.6666666666666666,1.0,0.0,0.0,8,4,4
validation,lstm,0.23,0.5,0.5,0.5,1.0,0.6666666666666666,1.0,0.0,0.0,8,4,4
validation,lstm,0.24,0.5,0.5,0.5,1.0,0.6666666666666666,1.0,0.0,0.0,8,4,4
validation,lstm,0.25,0.5,0.5,0.5,1.0,0.6666666666666666,1.0,0.0,0.0,8,4,4
validation,lstm,0.26,0.5,0.5,0.5,1.0,0.6666666666666666,1.0,0.0,0.0,8,4,4
validation,lstm,0.27,0.5,0.5,0.5,1.0,0.6666666666666666,1.0,0.0,0.0,8,4,4
validation,lstm,0.28,0.5,0.5,0.5,1.0,0.6666666666666666,1.0,0.0,0.0,8,4,4
validation,lstm,0.29,0.5,0.5,0.5,1.0,0.6666666666666666,1.0,0.0,0.0,8,4,4
validation,lstm,0.3,0.5,0.5,0.5,1.0,0.6666666666666666,1.0,0.0,0.0,8,4,4
validation,lstm,0.31,0.5,0.5,0.5,1.0,0.6666666666666666,1.0,0.0,0.0,8,4,4
validation,lstm,0.32,0.5,0.5,0.5,1.0,0.6666666666666666,1.0,0.0,0.0,8,4,4
validation,lstm,0.33,0.5,0.5,0.5,1.0,0.6666666666666666,1.0,0.0,0.0,8,4,4
validation,lstm,0.34,0.5,0.5,0.5,1.0,0.6666666666666666,1.0,0.0,0.0,8,4,4
validation,lstm,0.35,0.5,0.5,0.5,1.0,0.6666666666666666,1.0,0.0,0.0,8,4,4
validation,lstm,0.36,0.5,0.5,0.5,1.0,0.6666666666666666,1.0,0.0,0.0,8,4,4
validation,lstm,0.37,0.5,0.5,0.5,1.0,0.6666666666666666,1.0,0.0,0.0,8,4,4
validation,lstm,0.38,0.5,0.5,0.5,1.0,0.6666666666666666,1.0,0.0,0.0,8,4,4
validation,lstm,0.39,0.5,0.5,0.5,1.0,0.6666666666666666,1.0,0.0,0.0,8,4,4
validation,lstm,0.4,0.5,0.5,0.5,1.0,0.6666666666666666,1.0,0.0,0.0,8,4,4
validation,lstm,0.41,0.5,0.5,0.5,1.0,0.6666666666666666,1.0,0.0,0.0,8,4,4
validation,lstm,0.42,0.5,0.5,0.5,1.0,0.6666666666666666,1.0,0.0,0.0,8,4,4
validation,lstm,0.43,0.5,0.5,0.5,1.0,0.6666666666666666,1.0,0.0,0.0,8,4,4
validation,lstm,0.44,0.5,0.5,0.5,1.0,0.6666666666666666,1.0,0.0,0.0,8,4,4
validation,lstm,0.45,0.625,0.625,0.5714285714285714,1.0,0.7272727272727273,0.75,0.0,0.25,8,4,4
validation,lstm,0.46,0.5,0.5,0.5,0.5,0.5,0.5,0.5,0.5,8,4,4
validation,lstm,0.47,0.5,0.5,0.5,0.25,0.3333333333333333,0.25,0.75,0.75,8,4,4
validation,lstm,0.48,0.5,0.5,0.0,0.0,0.0,0.0,1.0,1.0,8,4,4
validation,lstm,0.49,0.5,0.5,0.0,0.0,0.0,0.0,1.0,1.0,8,4,4
validation,lstm,0.5,0.5,0.5,0.0,0.0,0.0,0.0,1.0,1.0,8,4,4
validation,lstm,0.51,0.5,0.5,0.0,0.0,0.0,0.0,1.0,1.0,8,4,4
validation,lstm,0.52,0.5,0.5,0.0,0.0,0.0,0.0,1.0,1.0,8,4,4
validation,lstm,0.53,0.5,0.5,0.0,0.0,0.0,0.0,1.0,1.0,8,4,4
validation,lstm,0.54,0.5,0.5,0.0,0.0,0.0,0.0,1.0,1.0,8,4,4
validation,lstm,0.55,0.5,0.5,0.0,0.0,0.0,0.0,1.0,1.0,8,4,4
validation,lstm,0.56,0.5,0.5,0.0,0.0,0.0,0.0,1.0,1.0,8,4,4
validation,lstm,0.57,0.5,0.5,0.0,0.0,0.0,0.0,1.0,1.0,8,4,4
validation,lstm,0.58,0.5,0.5,0.0,0.0,0.0,0.0,1.0,1.0,8,4,4
validation,lstm,0.59,0.5,0.5,0.0,0.0,0.0,0.0,1.0,1.0,8,4,4
validation,lstm,0.6,0.5,0.5,0.0,0.0,0.0,0.0,1.0,1.0,8,4,4
validation,lstm,0.61,0.5,0.5,0.0,0.0,0.0,0.0,1.0,1.0,8,4,4
validation,lstm,0.62,0.5,0.5,0.0,0.0,0.0,0.0,1.0,1.0,8,4,4
validation,lstm,0.63,0.5,0.5,0.0,0.0,0.0,0.0,1.0,1.0,8,4,4
validation,lstm,0.64,0.5,0.5,0.0,0.0,0.0,0.0,1.0,1.0,8,4,4
validation,lstm,0.65,0.5,0.5,0.0,0.0,0.0,0.0,1.0,1.0,8,4,4
validation,lstm,0.66,0.5,0.5,0.0,0.0,0.0,0.0,1.0,1.0,8,4,4
validation,lstm,0.67,0.5,0.5,0.0,0.0,0.0,0.0,1.0,1.0,8,4,4
validation,lstm,0.68,0.5,0.5,0.0,0.0,0.0,0.0,1.0,1.0,8,4,4
validation,lstm,0.69,0.5,0.5,0.0,0.0,0.0,0.0,1.0,1.0,8,4,4
validation,lstm,0.7,0.5,0.5,0.0,0.0,0.0,0.0,1.0,1.0,8,4,4
validation,lstm,0.71,0.5,0.5,0.0,0.0,0.0,0.0,1.0,1.0,8,4,4
validation,lstm,0.72,0.5,0.5,0.0,0.0,0.0,0.0,1.0,1.0,8,4,4
validation,lstm,0.73,0.5,0.5,0.0,0.0,0.0,0.0,1.0,1.0,8,4,4
validation,lstm,0.74,0.5,0.5,0.0,0.0,0.0,0.0,1.0,1.0,8,4,4
validation,lstm,0.75,0.5,0.5,0.0,0.0,0.0,0.0,1.0,1.0,8,4,4
validation,lstm,0.76,0.5,0.5,0.0,0.0,0.0,0.0,1.0,1.0,8,4,4
validation,lstm,0.77,0.5,0.5,0.0,0.0,0.0,0.0,1.0,1.0,8,4,4
validation,lstm,0.78,0.5,0.5,0.0,0.0,0.0,0.0,1.0,1.0,8,4,4
validation,lstm,0.79,0.5,0.5,0.0,0.0,0.0,0.0,1.0,1.0,8,4,4
validation,lstm,0.8,0.5,0.5,0.0,0.0,0.0,0.0,1.0,1.0,8,4,4
validation,lstm,0.81,0.5,0.5,0.0,0.0,0.0,0.0,1.0,1.0,8,4,4
validation,lstm,0.82,0.5,0.5,0.0,0.0,0.0,0.0,1.0,1.0,8,4,4
validation,lstm,0.83,0.5,0.5,0.0,0.0,0.0,0.0,1.0,1.0,8,4,4
validation,lstm,0.84,0.5,0.5,0.0,0.0,0.0,0.0,1.0,1.0,8,4,4
validation,lstm,0.85,0.5,0.5,0.0,0.0,0.0,0.0,1.0,1.0,8,4,4
validation,lstm,0.86,0.5,0.5,0.0,0.0,0.0,0.0,1.0,1.0,8,4,4
validation,lstm,0.87,0.5,0.5,0.0,0.0,0.0,0.0,1.0,1.0,8,4,4
validation,lstm,0.88,0.5,0.5,0.0,0.0,0.0,0.0,1.0,1.0,8,4,4
validation,lstm,0.89,0.5,0.5,0.0,0.0,0.0,0.0,1.0,1.0,8,4,4
validation,lstm,0.9,0.5,0.5,0.0,0.0,0.0,0.0,1.0,1.0,8,4,4
validation,lstm,0.91,0.5,0.5,0.0,0.0,0.0,0.0,1.0,1.0,8,4,4
validation,lstm,0.92,0.5,0.5,0.0,0.0,0.0,0.0,1.0,1.0,8,4,4
validation,lstm,0.93,0.5,0.5,0.0,0.0,0.0,0.0,1.0,1.0,8,4,4
validation,lstm,0.94,0.5,0.5,0.0,0.0,0.0,0.0,1.0,1.0,8,4,4
validation,lstm,0.95,0.5,0.5,0.0,0.0,0.0,0.0,1.0,1.0,8,4,4
validation,random_forest,0.05,0.5,0.5,0.5,1.0,0.6666666666666666,1.0,0.0,0.0,8,4,4
validation,random_forest,0.06,0.5,0.5,0.5,1.0,0.6666666666666666,1.0,0.0,0.0,8,4,4
validation,random_forest,0.07,0.5,0.5,0.5,1.0,0.6666666666666666,1.0,0.0,0.0,8,4,4
validation,random_forest,0.08,0.5,0.5,0.5,1.0,0.6666666666666666,1.0,0.0,0.0,8,4,4
validation,random_forest,0.09,0.5,0.5,0.5,1.0,0.6666666666666666,1.0,0.0,0.0,8,4,4
validation,random_forest,0.1,0.5,0.5,0.5,1.0,0.6666666666666666,1.0,0.0,0.0,8,4,4
validation,random_forest,0.11,0.5,0.5,0.5,1.0,0.6666666666666666,1.0,0.0,0.0,8,4,4
validation,random_forest,0.12,0.5,0.5,0.5,1.0,0.6666666666666666,1.0,0.0,0.0,8,4,4
validation,random_forest,0.13,0.5,0.5,0.5,1.0,0.6666666666666666,1.0,0.0,0.0,8,4,4
validation,random_forest,0.14,0.5,0.5,0.5,1.0,0.6666666666666666,1.0,0.0,0.0,8,4,4
validation,random_forest,0.15,0.5,0.5,0.5,1.0,0.6666666666666666,1.0,0.0,0.0,8,4,4
validation,random_forest,0.16,0.5,0.5,0.5,1.0,0.6666666666666666,1.0,0.0,0.0,8,4,4
validation,random_forest,0.17,0.5,0.5,0.5,1.0,0.6666666666666666,1.0,0.0,0.0,8,4,4
validation,random_forest,0.18,0.5,0.5,0.5,1.0,0.6666666666666666,1.0,0.0,0.0,8,4,4
validation,random_forest,0.19,0.5,0.5,0.5,1.0,0.6666666666666666,1.0,0.0,0.0,8,4,4
validation,random_forest,0.2,0.5,0.5,0.5,1.0,0.6666666666666666,1.0,0.0,0.0,8,4,4
validation,random_forest,0.21,0.5,0.5,0.5,1.0,0.6666666666666666,1.0,0.0,0.0,8,4,4
validation,random_forest,0.22,0.5,0.5,0.5,1.0,0.6666666666666666,1.0,0.0,0.0,8,4,4
validation,random_forest,0.23,0.5,0.5,0.5,1.0,0.6666666666666666,1.0,0.0,0.0,8,4,4
validation,random_forest,0.24,0.5,0.5,0.5,1.0,0.6666666666666666,1.0,0.0,0.0,8,4,4
validation,random_forest,0.25,0.5,0.5,0.5,1.0,0.6666666666666666,1.0,0.0,0.0,8,4,4
validation,random_forest,0.26,0.5,0.5,0.5,1.0,0.6666666666666666,1.0,0.0,0.0,8,4,4
validation,random_forest,0.27,0.5,0.5,0.5,1.0,0.6666666666666666,1.0,0.0,0.0,8,4,4
validation,random_forest,0.28,0.5,0.5,0.5,1.0,0.6666666666666666,1.0,0.0,0.0,8,4,4
validation,random_forest,0.29,0.5,0.5,0.5,1.0,0.6666666666666666,1.0,0.0,0.0,8,4,4
validation,random_forest,0.3,0.5,0.5,0.5,1.0,0.6666666666666666,1.0,0.0,0.0,8,4,4
validation,random_forest,0.31,0.5,0.5,0.5,1.0,0.6666666666666666,1.0,0.0,0.0,8,4,4
validation,random_forest,0.32,0.5,0.5,0.5,1.0,0.6666666666666666,1.0,0.0,0.0,8,4,4
validation,random_forest,0.33,0.5,0.5,0.5,1.0,0.6666666666666666,1.0,0.0,0.0,8,4,4
validation,random_forest,0.34,0.5,0.5,0.5,1.0,0.6666666666666666,1.0,0.0,0.0,8,4,4
validation,random_forest,0.35,0.5,0.5,0.5,1.0,0.6666666666666666,1.0,0.0,0.0,8,4,4
validation,random_forest,0.36,0.5,0.5,0.5,1.0,0.6666666666666666,1.0,0.0,0.0,8,4,4
validation,random_forest,0.37,0.5,0.5,0.5,1.0,0.6666666666666666,1.0,0.0,0.0,8,4,4
validation,random_forest,0.38,0.5,0.5,0.5,1.0,0.6666666666666666,1.0,0.0,0.0,8,4,4
validation,random_forest,0.39,0.5,0.5,0.5,1.0,0.6666666666666666,1.0,0.0,0.0,8,4,4
validation,random_forest,0.4,0.5,0.5,0.5,1.0,0.6666666666666666,1.0,0.0,0.0,8,4,4
validation,random_forest,0.41,0.5,0.5,0.5,1.0,0.6666666666666666,1.0,0.0,0.0,8,4,4
validation,random_forest,0.42,0.5,0.5,0.5,1.0,0.6666666666666666,1.0,0.0,0.0,8,4,4
validation,random_forest,0.43,0.5,0.5,0.5,1.0,0.6666666666666666,1.0,0.0,0.0,8,4,4
validation,random_forest,0.44,0.5,0.5,0.5,1.0,0.6666666666666666,1.0,0.0,0.0,8,4,4
validation,random_forest,0.45,0.625,0.625,0.5714285714285714,1.0,0.7272727272727273,0.75,0.0,0.25,8,4,4
validation,random_forest,0.46,0.625,0.625,0.5714285714285714,1.0,0.7272727272727273,0.75,0.0,0.25,8,4,4
validation,random_forest,0.47,0.625,0.625,0.5714285714285714,1.0,0.7272727272727273,0.75,0.0,0.25,8,4,4
validation,random_forest,0.48,0.625,0.625,0.5714285714285714,1.0,0.7272727272727273,0.75,0.0,0.25,8,4,4
validation,random_forest,0.49,0.5,0.5,0.5,0.75,0.6,0.75,0.25,0.25,8,4,4
validation,random_forest,0.5,0.5,0.5,0.5,0.75,0.6,0.75,0.25,0.25,8,4,4
validation,random_forest,0.51,0.375,0.375,0.4,0.5,0.4444444444444444,0.75,0.5,0.25,8,4,4
validation,random_forest,0.52,0.375,0.375,0.4,0.5,0.4444444444444444,0.75,0.5,0.25,8,4,4
validation,random_forest,0.53,0.25,0.25,0.25,0.25,0.25,0.75,0.75,0.25,8,4,4
validation,random_forest,0.54,0.25,0.25,0.25,0.25,0.25,0.75,0.75,0.25,8,4,4
validation,random_forest,0.55,0.25,0.25,0.25,0.25,0.25,0.75,0.75,0.25,8,4,4
validation,random_forest,0.56,0.25,0.25,0.25,0.25,0.25,0.75,0.75,0.25,8,4,4
validation,random_forest,0.57,0.25,0.25,0.25,0.25,0.25,0.75,0.75,0.25,8,4,4
validation,random_forest,0.58,0.25,0.25,0.25,0.25,0.25,0.75,0.75,0.25,8,4,4
validation,random_forest,0.59,0.25,0.25,0.25,0.25,0.25,0.75,0.75,0.25,8,4,4
validation,random_forest,0.6,0.25,0.25,0.25,0.25,0.25,0.75,0.75,0.25,8,4,4
validation,random_forest,0.61,0.25,0.25,0.25,0.25,0.25,0.75,0.75,0.25,8,4,4
validation,random_forest,0.62,0.25,0.25,0.25,0.25,0.25,0.75,0.75,0.25,8,4,4
validation,random_forest,0.63,0.25,0.25,0.25,0.25,0.25,0.75,0.75,0.25,8,4,4
validation,random_forest,0.64,0.25,0.25,0.25,0.25,0.25,0.75,0.75,0.25,8,4,4
validation,random_forest,0.65,0.25,0.25,0.25,0.25,0.25,0.75,0.75,0.25,8,4,4
validation,random_forest,0.66,0.25,0.25,0.25,0.25,0.25,0.75,0.75,0.25,8,4,4
validation,random_forest,0.67,0.125,0.125,0.0,0.0,0.0,0.75,1.0,0.25,8,4,4
validation,random_forest,0.68,0.25,0.25,0.0,0.0,0.0,0.5,1.0,0.5,8,4,4
validation,random_forest,0.69,0.375,0.375,0.0,0.0,0.0,0.25,1.0,0.75,8,4,4
validation,random_forest,0.7,0.375,0.375,0.0,0.0,0.0,0.25,1.0,0.75,8,4,4
validation,random_forest,0.71,0.375,0.375,0.0,0.0,0.0,0.25,1.0,0.75,8,4,4
validation,random_forest,0.72,0.375,0.375,0.0,0.0,0.0,0.25,1.0,0.75,8,4,4
validation,random_forest,0.73,0.375,0.375,0.0,0.0,0.0,0.25,1.0,0.75,8,4,4
validation,random_forest,0.74,0.375,0.375,0.0,0.0,0.0,0.25,1.0,0.75,8,4,4
validation,random_forest,0.75,0.375,0.375,0.0,0.0,0.0,0.25,1.0,0.75,8,4,4
validation,random_forest,0.76,0.375,0.375,0.0,0.0,0.0,0.25,1.0,0.75,8,4,4
validation,random_forest,0.77,0.375,0.375,0.0,0.0,0.0,0.25,1.0,0.75,8,4,4
validation,random_forest,0.78,0.375,0.375,0.0,0.0,0.0,0.25,1.0,0.75,8,4,4
validation,random_forest,0.79,0.375,0.375,0.0,0.0,0.0,0.25,1.0,0.75,8,4,4
validation,random_forest,0.8,0.5,0.5,0.0,0.0,0.0,0.0,1.0,1.0,8,4,4
validation,random_forest,0.81,0.5,0.5,0.0,0.0,0.0,0.0,1.0,1.0,8,4,4
validation,random_forest,0.82,0.5,0.5,0.0,0.0,0.0,0.0,1.0,1.0,8,4,4
validation,random_forest,0.83,0.5,0.5,0.0,0.0,0.0,0.0,1.0,1.0,8,4,4
validation,random_forest,0.84,0.5,0.5,0.0,0.0,0.0,0.0,1.0,1.0,8,4,4
validation,random_forest,0.85,0.5,0.5,0.0,0.0,0.0,0.0,1.0,1.0,8,4,4
validation,random_forest,0.86,0.5,0.5,0.0,0.0,0.0,0.0,1.0,1.0,8,4,4
validation,random_forest,0.87,0.5,0.5,0.0,0.0,0.0,0.0,1.0,1.0,8,4,4
validation,random_forest,0.88,0.5,0.5,0.0,0.0,0.0,0.0,1.0,1.0,8,4,4
validation,random_forest,0.89,0.5,0.5,0.0,0.0,0.0,0.0,1.0,1.0,8,4,4
validation,random_forest,0.9,0.5,0.5,0.0,0.0,0.0,0.0,1.0,1.0,8,4,4
validation,random_forest,0.91,0.5,0.5,0.0,0.0,0.0,0.0,1.0,1.0,8,4,4
validation,random_forest,0.92,0.5,0.5,0.0,0.0,0.0,0.0,1.0,1.0,8,4,4
validation,random_forest,0.93,0.5,0.5,0.0,0.0,0.0,0.0,1.0,1.0,8,4,4
validation,random_forest,0.94,0.5,0.5,0.0,0.0,0.0,0.0,1.0,1.0,8,4,4
validation,random_forest,0.95,0.5,0.5,0.0,0.0,0.0,0.0,1.0,1.0,8,4,4
