model_type,trial_id,session_id,question_text,instruction,true_label,answer,current_timestamp,window_start,window_end,sample_count,valid_ratio,probability,smoothed_probability,risk_category,latency_ms,original_length
random_forest,T001,S001,Are you sitting on a chair?,lie,1,yes,0.0,0.0,0.0,1,1.0,0.475,0.475,medium,43.36830001557246,1
random_forest,T001,S001,Are you sitting on a chair?,lie,1,yes,0.5,0.0,0.5,31,0.9032258064516129,0.435,0.45499999999999996,medium,59.20680001145229,31
random_forest,T001,S001,Are you sitting on a chair?,lie,1,yes,1.0,0.0,1.0,61,0.9016393442622951,0.315,0.40833333333333327,medium,63.65820002974942,61
random_forest,T002,S001,Is this experiment running on a computer?,lie,1,no,0.0,0.0,0.0,1,1.0,0.455,0.455,medium,46.825500030536205,1
random_forest,T002,S001,Is this experiment running on a computer?,lie,1,no,0.5,0.0,0.5,31,0.967741935483871,0.26,0.35750000000000004,low,41.831000009551644,31
random_forest,T002,S001,Is this experiment running on a computer?,lie,1,no,1.0,0.0,1.0,61,0.9016393442622951,0.265,0.3266666666666667,low,46.22950003249571,61
random_forest,T002,S001,Is this experiment running on a computer?,lie,1,no,1.5,0.0,1.5,91,0.9010989010989011,0.435,0.32,low,48.51659998530522,91
random_forest,T002,S001,Is this experiment running on a computer?,lie,1,no,2.0,0.0,2.0,121,0.9173553719008265,0.435,0.37833333333333335,low,72.31429999228567,121
random_forest,T003,S001,Is this experiment running on a computer?,truth,0,yes,0.0,0.0,0.0,1,1.0,0.51,0.51,medium,54.340199974831194,1
random_forest,T003,S001,Is this experiment running on a computer?,truth,0,yes,0.5,0.0,0.5,31,0.8064516129032258,0.36,0.435,medium,42.749399959575385,31
random_forest,T003,S001,Is this experiment running on a computer?,truth,0,yes,1.0,0.0,1.0,61,0.8524590163934426,0.335,0.40166666666666667,medium,42.790999985300004,61
random_forest,T004,S001,Are you sitting on a chair?,truth,0,yes,0.0,0.0,0.0,1,1.0,0.425,0.425,medium,36.338199977763,1
random_forest,T004,S001,Are you sitting on a chair?,truth,0,yes,0.5,0.0,0.5,31,0.9354838709677419,0.525,0.475,medium,51.77670001285151,31
random_forest,T004,S001,Are you sitting on a chair?,truth,0,yes,1.0,0.0,1.0,61,0.9508196721311475,0.61,0.52,medium,57.046799978706986,61
random_forest,T004,S001,Are you sitting on a chair?,truth,0,yes,1.5,0.0,1.5,91,0.945054945054945,0.59,0.5750000000000001,medium,58.679499954450876,91
random_forest,T005,S001,Are you answering this question now?,lie,1,no,0.0,0.0,0.0,1,1.0,0.405,0.405,medium,51.85960000380874,1
random_forest,T005,S001,Are you answering this question now?,lie,1,no,0.5,0.0,0.5,31,0.9354838709677419,0.675,0.54,medium,53.59900003531948,31
random_forest,T005,S001,Are you answering this question now?,lie,1,no,1.0,0.0,1.0,61,0.9508196721311475,0.795,0.625,medium,55.125200015027076,61
random_forest,T005,S001,Are you answering this question now?,lie,1,no,1.5,0.0,1.5,91,0.9340659340659341,0.715,0.7283333333333334,high,74.4068999774754,91
random_forest,T006,S001,Are you currently looking at a screen?,lie,1,no,0.0,0.0,0.0,1,1.0,0.48,0.48,medium,54.94509998243302,1
random_forest,T006,S001,Are you currently looking at a screen?,lie,1,no,0.5,0.0,0.5,31,1.0,0.485,0.4825,medium,66.17339997319505,31
random_forest,T006,S001,Are you currently looking at a screen?,lie,1,no,1.0,0.0,1.0,61,0.9672131147540983,0.535,0.5,medium,47.08819999359548,61
random_forest,T006,S001,Are you currently looking at a screen?,lie,1,no,1.5,0.0,1.5,91,0.945054945054945,0.655,0.5583333333333333,medium,47.647700004745275,91
random_forest,T006,S001,Are you currently looking at a screen?,lie,1,no,2.0,0.0,2.0,121,0.9504132231404959,0.7,0.63,medium,52.63520003063604,121
random_forest,T007,S001,Are you currently looking at a screen?,truth,0,yes,0.0,0.0,0.0,1,1.0,0.505,0.505,medium,48.55510004563257,1
random_forest,T007,S001,Are you currently looking at a screen?,truth,0,yes,0.5,0.0,0.5,31,0.8709677419354839,0.43,0.4675,medium,52.54760000389069,31
random_forest,T007,S001,Are you currently looking at a screen?,truth,0,yes,1.0,0.0,1.0,61,0.8852459016393442,0.54,0.4916666666666667,medium,47.95650002779439,61
random_forest,T007,S001,Are you currently looking at a screen?,truth,0,yes,1.5,0.0,1.5,91,0.8791208791208791,0.615,0.5283333333333333,medium,47.8071000543423,91
random_forest,T008,S001,Are you answering this question now?,truth,0,yes,0.0,0.0,0.0,1,1.0,0.48,0.48,medium,39.5027999766171,1
random_forest,T008,S001,Are you answering this question now?,truth,0,yes,0.5,0.0,0.5,31,0.967741935483871,0.6,0.54,medium,46.546900004614145,31
random_forest,T008,S001,Are you answering this question now?,truth,0,yes,1.0,0.0,1.0,61,0.9508196721311475,0.6,0.56,medium,55.470599967520684,61
random_forest,T009,S002,Is this experiment running on a computer?,lie,1,no,0.0,0.0,0.0,1,1.0,0.4,0.4,medium,54.30630000773817,1
random_forest,T009,S002,Is this experiment running on a computer?,lie,1,no,0.5,0.0,0.5,31,0.9032258064516129,0.47,0.435,medium,58.3799000014551,31
random_forest,T010,S002,Are you sitting on a chair?,truth,0,yes,0.0,0.0,0.0,1,1.0,0.405,0.405,medium,60.91919995378703,1
random_forest,T010,S002,Are you sitting on a chair?,truth,0,yes,0.5,0.0,0.5,31,0.967741935483871,0.38,0.3925,low,50.872899999376386,31
random_forest,T011,S002,Are you currently looking at a screen?,truth,0,yes,0.0,0.0,0.0,1,1.0,0.46,0.46,medium,45.92389997560531,1
random_forest,T011,S002,Are you currently looking at a screen?,truth,0,yes,0.5,0.0,0.5,31,1.0,0.45,0.455,medium,51.16760003147647,31
random_forest,T011,S002,Are you currently looking at a screen?,truth,0,yes,1.0,0.0,1.0,61,0.9672131147540983,0.49,0.4666666666666666,medium,56.778699974529445,61
random_forest,T012,S002,Are you sitting on a chair?,lie,1,no,0.0,0.0,0.0,1,1.0,0.405,0.405,medium,51.45880003692582,1
random_forest,T012,S002,Are you sitting on a chair?,lie,1,no,0.5,0.0,0.5,31,0.9354838709677419,0.615,0.51,medium,51.86040000990033,31
random_forest,T013,S002,Are you answering this question now?,lie,1,no,0.0,0.0,0.0,1,1.0,0.415,0.415,medium,38.41189999366179,1
random_forest,T013,S002,Are you answering this question now?,lie,1,no,0.5,0.0,0.5,31,0.9032258064516129,0.45,0.4325,medium,39.673799998126924,31
random_forest,T013,S002,Are you answering this question now?,lie,1,no,1.0,0.0,1.0,61,0.9344262295081968,0.46,0.44166666666666665,medium,45.37369997706264,61
random_forest,T014,S002,Are you currently looking at a screen?,lie,1,no,0.0,0.0,0.0,1,1.0,0.41,0.41,medium,39.34130002744496,1
random_forest,T014,S002,Are you currently looking at a screen?,lie,1,no,0.5,0.0,0.5,31,0.9032258064516129,0.57,0.49,medium,46.952800010330975,31
random_forest,T014,S002,Are you currently looking at a screen?,lie,1,no,1.0,0.0,1.0,61,0.9508196721311475,0.66,0.5466666666666667,medium,43.69510000105947,61
random_forest,T014,S002,Are you currently looking at a screen?,lie,1,no,1.5,0.0,1.5,91,0.9340659340659341,0.625,0.6183333333333333,medium,58.10819996986538,91
random_forest,T015,S002,Are you answering this question now?,truth,0,yes,0.0,0.0,0.0,1,1.0,0.515,0.515,medium,39.580399985425174,1
random_forest,T015,S002,Are you answering this question now?,truth,0,yes,0.5,0.0,0.5,31,0.9032258064516129,0.465,0.49,medium,50.76700000790879,31
random_forest,T016,S002,Is this experiment running on a computer?,truth,0,yes,0.0,0.0,0.0,1,1.0,0.51,0.51,medium,46.90130002563819,1
random_forest,T016,S002,Is this experiment running on a computer?,truth,0,yes,0.5,0.0,0.5,31,0.967741935483871,0.25,0.38,low,53.812599973753095,31
random_forest,T016,S002,Is this experiment running on a computer?,truth,0,yes,1.0,0.0,1.0,61,0.9672131147540983,0.325,0.36166666666666664,low,43.59949997160584,61
random_forest,T016,S002,Is this experiment running on a computer?,truth,0,yes,1.5,0.0,1.5,91,0.967032967032967,0.415,0.33,low,58.27579996548593,91
random_forest,T016,S002,Is this experiment running on a computer?,truth,0,yes,2.0,0.0,2.0,121,0.9421487603305785,0.43,0.38999999999999996,low,61.78629997884855,121
random_forest,T017,S003,Is this experiment running on a computer?,truth,0,yes,0.0,0.0,0.0,1,1.0,0.52,0.52,medium,45.90699996333569,1
random_forest,T017,S003,Is this experiment running on a computer?,truth,0,yes,0.5,0.0,0.5,31,0.9354838709677419,0.665,0.5925,medium,52.09130002185702,31
random_forest,T017,S003,Is this experiment running on a computer?,truth,0,yes,1.0,0.0,1.0,61,0.9180327868852459,0.725,0.6366666666666667,medium,54.414100013673306,61
random_forest,T017,S003,Is this experiment running on a computer?,truth,0,yes,1.5,0.0,1.5,91,0.945054945054945,0.75,0.7133333333333334,high,48.090600001160055,91
random_forest,T017,S003,Is this experiment running on a computer?,truth,0,yes,2.0,0.0,2.0,121,0.9504132231404959,0.665,0.7133333333333334,high,50.52839999552816,121
random_forest,T017,S003,Is this experiment running on a computer?,truth,0,yes,2.5,0.0,2.5,151,0.9403973509933775,0.66,0.6916666666666668,medium,57.42100003408268,151
random_forest,T018,S003,Is this experiment running on a computer?,lie,1,no,0.0,0.0,0.0,1,1.0,0.45,0.45,medium,38.0136999883689,1
random_forest,T018,S003,Is this experiment running on a computer?,lie,1,no,0.5,0.0,0.5,31,0.9354838709677419,0.47,0.45999999999999996,medium,40.93870002543554,31
random_forest,T018,S003,Is this experiment running on a computer?,lie,1,no,1.0,0.0,1.0,61,0.9672131147540983,0.565,0.49499999999999994,medium,43.62550005316734,61
random_forest,T018,S003,Is this experiment running on a computer?,lie,1,no,1.5,0.0,1.5,91,0.9230769230769231,0.56,0.5316666666666666,medium,62.15040001552552,91
random_forest,T018,S003,Is this experiment running on a computer?,lie,1,no,2.0,0.0,2.0,121,0.9256198347107438,0.58,0.5683333333333334,medium,51.778300025034696,121
random_forest,T019,S003,Are you currently looking at a screen?,lie,1,no,0.0,0.0,0.0,1,1.0,0.465,0.465,medium,34.94780004257336,1
random_forest,T019,S003,Are you currently looking at a screen?,lie,1,no,0.5,0.0,0.5,31,0.9354838709677419,0.635,0.55,medium,40.35610001301393,31
random_forest,T019,S003,Are you currently looking at a screen?,lie,1,no,1.0,0.0,1.0,61,0.9344262295081968,0.535,0.545,medium,56.72510003205389,61
random_forest,T019,S003,Are you currently looking at a screen?,lie,1,no,1.5,0.0,1.5,91,0.9120879120879121,0.455,0.5416666666666666,medium,58.25780000304803,91
random_forest,T020,S003,Are you currently looking at a screen?,truth,0,yes,0.0,0.0,0.0,1,1.0,0.415,0.415,medium,45.36630003713071,1
random_forest,T020,S003,Are you currently looking at a screen?,truth,0,yes,0.5,0.0,0.5,31,0.9032258064516129,0.61,0.5125,medium,40.369900001678616,31
random_forest,T020,S003,Are you currently looking at a screen?,truth,0,yes,1.0,0.0,1.0,61,0.9508196721311475,0.385,0.47,medium,55.65779999596998,61
random_forest,T020,S003,Are you currently looking at a screen?,truth,0,yes,1.5,0.0,1.5,91,0.9340659340659341,0.43,0.47500000000000003,medium,59.87880000611767,91
random_forest,T021,S003,Are you answering this question now?,truth,0,yes,0.0,0.0,0.0,1,1.0,0.46,0.46,medium,46.096600010059774,1
random_forest,T021,S003,Are you answering this question now?,truth,0,yes,0.5,0.0,0.5,31,1.0,0.645,0.5525,medium,51.35710001923144,31
random_forest,T021,S003,Are you answering this question now?,truth,0,yes,1.0,0.0,1.0,61,0.9344262295081968,0.7,0.6016666666666667,medium,45.41829996742308,61
random_forest,T021,S003,Are you answering this question now?,truth,0,yes,1.5,0.0,1.5,91,0.9560439560439561,0.72,0.6883333333333334,medium,59.45250001968816,91
random_forest,T022,S003,Are you sitting on a chair?,lie,1,no,0.0,0.0,0.0,1,1.0,0.475,0.475,medium,47.561799990944564,1
random_forest,T022,S003,Are you sitting on a chair?,lie,1,no,0.5,0.0,0.5,31,1.0,0.53,0.5025,medium,51.57000001054257,31
random_forest,T022,S003,Are you sitting on a chair?,lie,1,no,1.0,0.0,1.0,61,0.9344262295081968,0.555,0.52,medium,43.98159997072071,61
random_forest,T022,S003,Are you sitting on a chair?,lie,1,no,1.5,0.0,1.5,91,0.945054945054945,0.49,0.525,medium,58.43410000670701,91
random_forest,T022,S003,Are you sitting on a chair?,lie,1,no,2.0,0.0,2.0,121,0.9421487603305785,0.475,0.5066666666666667,medium,53.25749999610707,121
random_forest,T022,S003,Are you sitting on a chair?,lie,1,no,2.5,0.0,2.5,151,0.9403973509933775,0.535,0.5,medium,54.962299996986985,151
random_forest,T022,S003,Are you sitting on a chair?,lie,1,no,3.0,0.0,3.0,181,0.9337016574585635,0.475,0.49499999999999994,medium,69.04390000272542,181
random_forest,T022,S003,Are you sitting on a chair?,lie,1,no,3.5,0.5,3.5,181,0.9281767955801105,0.37,0.45999999999999996,medium,70.36109996261075,181
random_forest,T023,S003,Are you sitting on a chair?,truth,0,yes,0.0,0.0,0.0,1,1.0,0.415,0.415,medium,36.56040003988892,1
random_forest,T023,S003,Are you sitting on a chair?,truth,0,yes,0.5,0.0,0.5,31,0.967741935483871,0.315,0.365,low,40.05820001475513,31
random_forest,T023,S003,Are you sitting on a chair?,truth,0,yes,1.0,0.0,1.0,61,0.9672131147540983,0.505,0.4116666666666666,medium,54.380099987611175,61
random_forest,T023,S003,Are you sitting on a chair?,truth,0,yes,1.5,0.0,1.5,91,0.978021978021978,0.56,0.46,medium,61.99160002870485,91
random_forest,T024,S003,Are you answering this question now?,lie,1,no,0.0,0.0,0.0,1,1.0,0.42,0.42,medium,45.93469999963418,1
random_forest,T024,S003,Are you answering this question now?,lie,1,no,0.5,0.0,0.5,31,1.0,0.645,0.5325,medium,53.815699997358024,31
random_forest,T024,S003,Are you answering this question now?,lie,1,no,1.0,0.0,1.0,61,1.0,0.565,0.5433333333333333,medium,43.71800000080839,61
random_forest,T024,S003,Are you answering this question now?,lie,1,no,1.5,0.0,1.5,91,0.989010989010989,0.46,0.5566666666666666,medium,47.09259996889159,91
random_forest,T024,S003,Are you answering this question now?,lie,1,no,2.0,0.0,2.0,121,0.9752066115702479,0.525,0.5166666666666666,medium,64.00789995677769,121
random_forest,T025,S004,Is this experiment running on a computer?,truth,0,yes,0.0,0.0,0.0,1,1.0,0.505,0.505,medium,47.74030001135543,1
random_forest,T025,S004,Is this experiment running on a computer?,truth,0,yes,0.5,0.0,0.5,31,0.967741935483871,0.485,0.495,medium,50.60399998910725,31
random_forest,T025,S004,Is this experiment running on a computer?,truth,0,yes,1.0,0.0,1.0,61,0.9672131147540983,0.705,0.565,medium,57.261599984485656,61
random_forest,T025,S004,Is this experiment running on a computer?,truth,0,yes,1.5,0.0,1.5,91,0.967032967032967,0.705,0.6316666666666667,medium,58.96959995152429,91
random_forest,T025,S004,Is this experiment running on a computer?,truth,0,yes,2.0,0.0,2.0,121,0.9504132231404959,0.77,0.7266666666666666,high,62.96030001249164,121
random_forest,T026,S004,Are you currently looking at a screen?,lie,1,no,0.0,0.0,0.0,1,1.0,0.445,0.445,medium,46.846300014294684,1
random_forest,T026,S004,Are you currently looking at a screen?,lie,1,no,0.5,0.0,0.5,31,0.967741935483871,0.43,0.4375,medium,51.9374999566935,31
random_forest,T026,S004,Are you currently looking at a screen?,lie,1,no,1.0,0.0,1.0,61,0.9836065573770492,0.585,0.48666666666666664,medium,55.11590000241995,61
random_forest,T026,S004,Are you currently looking at a screen?,lie,1,no,1.5,0.0,1.5,91,0.989010989010989,0.495,0.5033333333333333,medium,48.33580000558868,91
random_forest,T026,S004,Are you currently looking at a screen?,lie,1,no,2.0,0.0,2.0,121,0.9917355371900827,0.48,0.52,medium,50.601999973878264,121
random_forest,T027,S004,Are you currently looking at a screen?,truth,0,yes,0.0,0.0,0.0,1,1.0,0.4,0.4,medium,38.744600024074316,1
random_forest,T027,S004,Are you currently looking at a screen?,truth,0,yes,0.5,0.0,0.5,31,0.9032258064516129,0.585,0.4925,medium,52.33630002476275,31
random_forest,T027,S004,Are you currently looking at a screen?,truth,0,yes,1.0,0.0,1.0,61,0.9344262295081968,0.63,0.5383333333333333,medium,58.430699980817735,61
random_forest,T027,S004,Are you currently looking at a screen?,truth,0,yes,1.5,0.0,1.5,91,0.9340659340659341,0.765,0.66,medium,58.47889999859035,91
random_forest,T028,S004,Are you sitting on a chair?,truth,0,yes,0.0,0.0,0.0,1,1.0,0.465,0.465,medium,46.331899997312576,1
random_forest,T028,S004,Are you sitting on a chair?,truth,0,yes,0.5,0.0,0.5,31,0.9354838709677419,0.68,0.5725,medium,50.86910002864897,31
random_forest,T028,S004,Are you sitting on a chair?,truth,0,yes,1.0,0.0,1.0,61,0.9672131147540983,0.485,0.5433333333333333,medium,53.914799995254725,61
random_forest,T028,S004,Are you sitting on a chair?,truth,0,yes,1.5,0.0,1.5,91,0.945054945054945,0.605,0.59,medium,48.77900000428781,91
random_forest,T029,S004,Are you answering this question now?,truth,0,yes,0.0,0.0,0.0,1,1.0,0.42,0.42,medium,45.65820004791021,1
random_forest,T029,S004,Are you answering this question now?,truth,0,yes,0.5,0.0,0.5,31,0.9354838709677419,0.475,0.4475,medium,40.343299973756075,31
random_forest,T029,S004,Are you answering this question now?,truth,0,yes,1.0,0.0,1.0,61,0.9016393442622951,0.37,0.4216666666666667,medium,55.503300041891634,61
random_forest,T029,S004,Are you answering this question now?,truth,0,yes,1.5,0.0,1.5,91,0.9120879120879121,0.415,0.42,medium,54.55760000040755,91
random_forest,T030,S004,Are you sitting on a chair?,lie,1,no,0.0,0.0,0.0,1,1.0,0.46,0.46,medium,37.71030000643805,1
random_forest,T030,S004,Are you sitting on a chair?,lie,1,no,0.5,0.0,0.5,31,0.9354838709677419,0.555,0.5075000000000001,medium,40.85659998236224,31
random_forest,T030,S004,Are you sitting on a chair?,lie,1,no,1.0,0.0,1.0,61,0.9508196721311475,0.525,0.5133333333333333,medium,45.07299995748326,61
random_forest,T031,S004,Is this experiment running on a computer?,lie,1,no,0.0,0.0,0.0,1,1.0,0.49,0.49,medium,47.30599996400997,1
random_forest,T031,S004,Is this experiment running on a computer?,lie,1,no,0.5,0.0,0.5,31,0.9032258064516129,0.395,0.4425,medium,51.77199997706339,31
random_forest,T031,S004,Is this experiment running on a computer?,lie,1,no,1.0,0.0,1.0,61,0.9344262295081968,0.35,0.4116666666666666,medium,55.14269997365773,61
random_forest,T031,S004,Is this experiment running on a computer?,lie,1,no,1.5,0.0,1.5,91,0.9340659340659341,0.49,0.4116666666666666,medium,49.49579999083653,91
random_forest,T032,S004,Are you answering this question now?,lie,1,no,0.0,0.0,0.0,1,1.0,0.485,0.485,medium,36.984700011089444,1
random_forest,T032,S004,Are you answering this question now?,lie,1,no,0.5,0.0,0.5,31,1.0,0.37,0.4275,medium,51.096800016239285,31
random_forest,T032,S004,Are you answering this question now?,lie,1,no,1.0,0.0,1.0,61,0.9344262295081968,0.515,0.4566666666666667,medium,55.57540000882,61
random_forest,T032,S004,Are you answering this question now?,lie,1,no,1.5,0.0,1.5,91,0.945054945054945,0.51,0.465,medium,58.61999996704981,91
random_forest,T033,S005,Are you currently looking at a screen?,truth,0,yes,0.0,0.0,0.0,1,1.0,0.41,0.41,medium,46.27739998977631,1
random_forest,T033,S005,Are you currently looking at a screen?,truth,0,yes,0.5,0.0,0.5,31,0.967741935483871,0.34,0.375,low,39.32719997828826,31
random_forest,T033,S005,Are you currently looking at a screen?,truth,0,yes,1.0,0.0,1.0,61,0.9180327868852459,0.345,0.365,low,56.65250000311062,61
random_forest,T033,S005,Are you currently looking at a screen?,truth,0,yes,1.5,0.0,1.5,91,0.9120879120879121,0.27,0.31833333333333336,low,63.13740002224222,91
random_forest,T033,S005,Are you currently looking at a screen?,truth,0,yes,2.0,0.0,2.0,121,0.9090909090909091,0.25,0.28833333333333333,low,61.31870002718642,121
random_forest,T034,S005,Are you currently looking at a screen?,lie,1,no,0.0,0.0,0.0,1,1.0,0.46,0.46,medium,37.771100003737956,1
random_forest,T034,S005,Are you currently looking at a screen?,lie,1,no,0.5,0.0,0.5,31,0.967741935483871,0.705,0.5825,medium,42.469500040169805,31
random_forest,T034,S005,Are you currently looking at a screen?,lie,1,no,1.0,0.0,1.0,61,0.9836065573770492,0.77,0.645,medium,54.12009998690337,61
random_forest,T035,S005,Are you sitting on a chair?,lie,1,no,0.0,0.0,0.0,1,1.0,0.505,0.505,medium,44.73460000008345,1
random_forest,T035,S005,Are you sitting on a chair?,lie,1,no,0.5,0.0,0.5,31,0.9354838709677419,0.525,0.515,medium,41.23190004611388,31
random_forest,T035,S005,Are you sitting on a chair?,lie,1,no,1.0,0.0,1.0,61,0.9508196721311475,0.725,0.585,medium,45.36559997359291,61
random_forest,T035,S005,Are you sitting on a chair?,lie,1,no,1.5,0.0,1.5,91,0.9340659340659341,0.725,0.6583333333333333,medium,59.99290000181645,91
random_forest,T035,S005,Are you sitting on a chair?,lie,1,no,2.0,0.0,2.0,121,0.9421487603305785,0.805,0.7516666666666666,high,53.763600008096546,121
random_forest,T036,S005,Is this experiment running on a computer?,lie,1,no,0.0,0.0,0.0,1,1.0,0.45,0.45,medium,36.63089999463409,1
random_forest,T036,S005,Is this experiment running on a computer?,lie,1,no,0.5,0.0,0.5,31,1.0,0.515,0.48250000000000004,medium,51.51210003532469,31
random_forest,T036,S005,Is this experiment running on a computer?,lie,1,no,1.0,0.0,1.0,61,1.0,0.61,0.525,medium,54.67580002732575,61
random_forest,T036,S005,Is this experiment running on a computer?,lie,1,no,1.5,0.0,1.5,91,0.978021978021978,0.71,0.6116666666666667,medium,49.62139995768666,91
random_forest,T036,S005,Is this experiment running on a computer?,lie,1,no,2.0,0.0,2.0,121,0.9834710743801653,0.705,0.6749999999999999,medium,49.234299978706986,121
random_forest,T036,S005,Is this experiment running on a computer?,lie,1,no,2.5,0.0,2.5,151,0.9801324503311258,0.78,0.7316666666666668,high,54.349000041838735,151
random_forest,T037,S005,Are you answering this question now?,lie,1,no,0.0,0.0,0.0,1,1.0,0.465,0.465,medium,49.10629999358207,1
random_forest,T037,S005,Are you answering this question now?,lie,1,no,0.5,0.0,0.5,31,0.9032258064516129,0.435,0.45,medium,50.57580000720918,31
random_forest,T037,S005,Are you answering this question now?,lie,1,no,1.0,0.0,1.0,61,0.9344262295081968,0.44,0.4466666666666667,medium,54.33590000029653,61
random_forest,T038,S005,Are you sitting on a chair?,truth,0,yes,0.0,0.0,0.0,1,1.0,0.485,0.485,medium,36.02789994329214,1
random_forest,T038,S005,Are you sitting on a chair?,truth,0,yes,0.5,0.0,0.5,31,0.9032258064516129,0.43,0.4575,medium,50.71109998971224,31
random_forest,T038,S005,Are you sitting on a chair?,truth,0,yes,1.0,0.0,1.0,61,0.9016393442622951,0.22,0.37833333333333335,low,53.58720000367612,61
random_forest,T039,S005,Is this experiment running on a computer?,truth,0,yes,0.0,0.0,0.0,1,1.0,0.455,0.455,medium,47.46190004516393,1
random_forest,T039,S005,Is this experiment running on a computer?,truth,0,yes,0.5,0.0,0.5,31,1.0,0.65,0.5525,medium,50.97209999803454,31
random_forest,T039,S005,Is this experiment running on a computer?,truth,0,yes,1.0,0.0,1.0,61,0.9672131147540983,0.415,0.5066666666666667,medium,44.437100004870445,61
random_forest,T040,S005,Are you answering this question now?,truth,0,yes,0.0,0.0,0.0,1,1.0,0.455,0.455,medium,39.32619997067377,1
random_forest,T040,S005,Are you answering this question now?,truth,0,yes,0.5,0.0,0.5,31,1.0,0.555,0.505,medium,40.073599957395345,31
random_forest,T040,S005,Are you answering this question now?,truth,0,yes,1.0,0.0,1.0,61,0.9672131147540983,0.4,0.47000000000000003,medium,49.40099996747449,61
random_forest,T041,S007,Are you currently looking at a screen?,lie,1,yes,0.0,0.0,0.0,1,1.0,0.445,0.445,medium,37.8037000191398,1
random_forest,T041,S007,Are you currently looking at a screen?,lie,1,yes,0.5,0.0,0.5,31,0.967741935483871,0.49,0.4675,medium,58.40819998411462,31
random_forest,T041,S007,Are you currently looking at a screen?,lie,1,yes,1.0,0.0,1.0,61,0.9344262295081968,0.53,0.48833333333333334,medium,54.43140002898872,61
random_forest,T041,S007,Are you currently looking at a screen?,lie,1,yes,1.5,0.0,1.5,91,0.9340659340659341,0.52,0.5133333333333333,medium,47.26479999953881,91
random_forest,T041,S007,Are you currently looking at a screen?,lie,1,yes,2.0,0.0,2.0,121,0.9338842975206612,0.555,0.535,medium,63.561599992681295,121
random_forest,T042,S007,Are you currently looking at a screen?,truth,0,yes,0.0,0.0,0.0,1,1.0,0.42,0.42,medium,49.46340003516525,1
random_forest,T042,S007,Are you currently looking at a screen?,truth,0,yes,0.5,0.0,0.5,31,0.9354838709677419,0.525,0.47250000000000003,medium,51.48399999598041,31
random_forest,T042,S007,Are you currently looking at a screen?,truth,0,yes,1.0,0.0,1.0,61,0.9180327868852459,0.42,0.455,medium,53.63719997694716,61
random_forest,T042,S007,Are you currently looking at a screen?,truth,0,yes,1.5,0.0,1.5,91,0.9230769230769231,0.58,0.5083333333333333,medium,59.0370999998413,91
random_forest,T042,S007,Are you currently looking at a screen?,truth,0,yes,2.0,0.0,2.0,121,0.9338842975206612,0.605,0.535,medium,62.084499979391694,121
random_forest,T042,S007,Are you currently looking at a screen?,truth,0,yes,2.5,0.0,2.5,151,0.9403973509933775,0.57,0.585,medium,64.71870001405478,151
random_forest,T042,S007,Are you currently looking at a screen?,truth,0,yes,3.0,0.0,3.0,181,0.9447513812154696,0.54,0.5716666666666667,medium,57.724099955521524,181
random_forest,T042,S007,Are you currently looking at a screen?,truth,0,yes,3.5,0.5,3.5,181,0.9392265193370166,0.465,0.525,medium,62.19159997999668,181
random_forest,T042,S007,Are you currently looking at a screen?,truth,0,yes,4.0,1.0,4.0,181,0.9447513812154696,0.555,0.52,medium,59.58140001166612,181
random_forest,T043,S007,Is this experiment running on a computer?,lie,1,timeout,0.0,0.0,0.0,1,1.0,0.43,0.43,medium,37.147700029890984,1
random_forest,T043,S007,Is this experiment running on a computer?,lie,1,timeout,0.5,0.0,0.5,31,0.967741935483871,0.34,0.385,low,50.94669997924939,31
random_forest,T043,S007,Is this experiment running on a computer?,lie,1,timeout,1.0,0.0,1.0,61,0.9344262295081968,0.5,0.42333333333333334,medium,56.58839998068288,61
random_forest,T043,S007,Is this experiment running on a computer?,lie,1,timeout,1.5,0.0,1.5,91,0.9560439560439561,0.53,0.4566666666666667,medium,59.168600011616945,91
random_forest,T043,S007,Is this experiment running on a computer?,lie,1,timeout,2.0,0.0,2.0,121,0.9669421487603306,0.485,0.505,medium,62.39879998611286,121
random_forest,T043,S007,Is this experiment running on a computer?,lie,1,timeout,2.5,0.0,2.5,151,0.9602649006622517,0.435,0.4833333333333334,medium,65.35160000203177,151
random_forest,T043,S007,Is this experiment running on a computer?,lie,1,timeout,3.0,0.0,3.0,181,0.9558011049723757,0.525,0.48166666666666663,medium,69.62069997098297,181
random_forest,T043,S007,Is this experiment running on a computer?,lie,1,timeout,3.5,0.5,3.5,181,0.9558011049723757,0.495,0.48500000000000004,medium,69.88660001661628,181
random_forest,T043,S007,Is this experiment running on a computer?,lie,1,timeout,4.0,1.0,4.0,181,0.9502762430939227,0.63,0.5499999999999999,medium,70.15629997476935,181
random_forest,T043,S007,Is this experiment running on a computer?,lie,1,timeout,4.5,1.5,4.5,181,0.9281767955801105,0.515,0.5466666666666667,medium,58.94260003697127,181
random_forest,T044,S007,Are you sitting on a chair?,truth,0,yes,0.0,0.0,0.0,1,1.0,0.45,0.45,medium,35.06050002761185,1
random_forest,T044,S007,Are you sitting on a chair?,truth,0,yes,0.5,0.0,0.5,31,1.0,0.61,0.53,medium,42.64260001946241,31
random_forest,T044,S007,Are you sitting on a chair?,truth,0,yes,1.0,0.0,1.0,61,1.0,0.565,0.5416666666666666,medium,43.95310004474595,61
random_forest,T044,S007,Are you sitting on a chair?,truth,0,yes,1.5,0.0,1.5,91,0.967032967032967,0.565,0.58,medium,49.70309999771416,91
random_forest,T044,S007,Are you sitting on a chair?,truth,0,yes,2.0,0.0,2.0,121,0.9338842975206612,0.555,0.5616666666666666,medium,50.355899962596595,121
random_forest,T044,S007,Are you sitting on a chair?,truth,0,yes,2.5,0.0,2.5,151,0.9470198675496688,0.58,0.5666666666666668,medium,59.48170000920072,151
random_forest,T045,S007,Are you sitting on a chair?,lie,1,no,0.0,0.0,0.0,1,1.0,0.44,0.44,medium,40.747700026258826,1
random_forest,T045,S007,Are you sitting on a chair?,lie,1,no,0.5,0.0,0.5,31,0.9032258064516129,0.37,0.405,medium,39.02369999559596,31
random_forest,T045,S007,Are you sitting on a chair?,lie,1,no,1.0,0.0,1.0,61,0.9180327868852459,0.435,0.41500000000000004,medium,46.25690000830218,61
random_forest,T045,S007,Are you sitting on a chair?,lie,1,no,1.5,0.0,1.5,91,0.9010989010989011,0.56,0.455,medium,47.5441999733448,91
random_forest,T045,S007,Are you sitting on a chair?,lie,1,no,2.0,0.0,2.0,121,0.9090909090909091,0.69,0.5616666666666666,medium,51.511699974071234,121
random_forest,T046,S007,Is this experiment running on a computer?,truth,0,no,0.0,0.0,0.0,1,1.0,0.46,0.46,medium,47.327399952337146,1
random_forest,T046,S007,Is this experiment running on a computer?,truth,0,no,0.5,0.0,0.5,31,1.0,0.505,0.48250000000000004,medium,50.10600003879517,31
random_forest,T046,S007,Is this experiment running on a computer?,truth,0,no,1.0,0.0,1.0,61,0.9344262295081968,0.535,0.5,medium,43.646000034641474,61
random_forest,T046,S007,Is this experiment running on a computer?,truth,0,no,1.5,0.0,1.5,91,0.9340659340659341,0.47,0.5033333333333333,medium,57.95449996367097,91
random_forest,T046,S007,Is this experiment running on a computer?,truth,0,no,2.0,0.0,2.0,121,0.9421487603305785,0.45,0.48499999999999993,medium,60.7002999749966,121
random_forest,T046,S007,Is this experiment running on a computer?,truth,0,no,2.5,0.0,2.5,151,0.9536423841059603,0.515,0.47833333333333333,medium,55.27399998391047,151
random_forest,T046,S007,Is this experiment running on a computer?,truth,0,no,3.0,0.0,3.0,181,0.9281767955801105,0.515,0.49333333333333335,medium,58.26249998062849,181
random_forest,T046,S007,Is this experiment running on a computer?,truth,0,no,3.5,0.5,3.5,181,0.9060773480662984,0.53,0.52,medium,60.141900030430406,181
random_forest,T046,S007,Is this experiment running on a computer?,truth,0,no,4.0,1.0,4.0,181,0.9116022099447514,0.485,0.5099999999999999,medium,61.34299997938797,181
random_forest,T047,S007,Are you answering this question now?,lie,1,no,0.0,0.0,0.0,1,1.0,0.455,0.455,medium,36.75740002654493,1
random_forest,T047,S007,Are you answering this question now?,lie,1,no,0.5,0.0,0.5,31,0.9032258064516129,0.69,0.5725,medium,40.05409998353571,31
random_forest,T047,S007,Are you answering this question now?,lie,1,no,1.0,0.0,1.0,61,0.9344262295081968,0.725,0.6233333333333334,medium,44.77899998892099,61
random_forest,T047,S007,Are you answering this question now?,lie,1,no,1.5,0.0,1.5,91,0.945054945054945,0.805,0.7400000000000001,high,47.3908000276424,91
random_forest,T048,S007,Are you answering this question now?,truth,0,yes,0.0,0.0,0.0,1,1.0,0.415,0.415,medium,46.17659997893497,1
random_forest,T048,S007,Are you answering this question now?,truth,0,yes,0.5,0.0,0.5,31,0.967741935483871,0.415,0.415,medium,52.30360000859946,31
random_forest,T048,S007,Are you answering this question now?,truth,0,yes,1.0,0.0,1.0,61,0.9180327868852459,0.515,0.4483333333333333,medium,55.48290000297129,61
